City_ID,City,Country,Max Temp,Current Description,Lat,Lng,Hotel Name
0,Iztapa,GT,75.69,clear sky,13.9333,-90.7075,Villas de Puerto Viejo
1,Umm Kaddadah,SD,58.78,clear sky,13.6017,26.6876,
2,Viedma,AR,57.18,clear sky,-40.8135,-62.9967,Hotel Cristal
5,Atuona,PF,78.84,few clouds,-9.8,-139.0333,Villa Enata
6,Ribeira Grande,PT,56.77,broken clouds,38.5167,-28.7,Quinta da Meia Eira
7,Castro,BR,63.72,overcast clouds,-24.7911,-50.0119,CHACARA BAILLY
9,Busselton,AU,81.05,clear sky,-33.65,115.3333,Observatory Guest House
10,Rikitea,PF,77.49,scattered clouds,-23.1203,-134.9692,People ThankYou
11,Coquimbo,CL,62.33,clear sky,-29.9533,-71.3436,Hostel Del Puerto
13,Puerto Escondido,MX,77.83,few clouds,15.85,-97.0667,Aldea del Bazar Hotel and Spa
14,New Norfolk,AU,80.74,clear sky,-42.7826,147.0587,The Shingles Riverside Cottages
15,Hermanus,ZA,63.9,clear sky,-34.4187,19.2345,Misty Waves Boutique Hotel
16,Nouadhibou,MR,66.18,clear sky,20.931,-17.0347,El Medina
19,Pak Kret,TH,87.98,few clouds,13.913,100.4988,Buddy Oriental Riverside
20,Hilo,US,76.73,overcast clouds,19.7297,-155.09,Hilo Hawaiian Hotel
21,Abha,SA,53.42,clear sky,18.2164,42.5053,Abha Hotel
22,Puerto Ayora,EC,71.98,broken clouds,-0.7393,-90.3518,Finch Bay Galapagos Hotel
26,Tocopilla,CL,68.99,few clouds,-22.092,-70.1979,Hotel Galvarino
27,Bambous Virieux,MU,80.22,light rain,-20.3428,57.7575,Casa Tia Villa
30,Mbuji-Mayi,CD,67.46,overcast clouds,-6.15,23.6,GKT Hotel
31,Brownsville,US,50.11,clear sky,25.9018,-97.4975,University Inn & Suites
32,Poum,NC,81.34,overcast clouds,-20.2333,164.0167,G√Æte kajeon
35,Chuy,UY,73.0,broken clouds,-33.6971,-53.4616,Nuevo Hotel Plaza
36,San Patricio,US,55.81,clear sky,28.017,-97.5169,"Motel 6 Sinton, TX"
38,Cape Town,ZA,64.11,clear sky,-33.9258,18.4232,Southern Sun Waterfront Cape Town
40,Hobart,AU,81.1,scattered clouds,-42.8794,147.3294,Mantra on Collins Hobart
42,Kununurra,AU,89.58,broken clouds,-15.7667,128.7333,Hotel Kununurra
43,Kapaa,US,76.98,light rain,22.0752,-159.319,Sheraton Kauai Coconut Beach Resort
44,Greytown,ZA,60.94,light rain,-29.0642,30.5928,Lord Grey Guest House
45,Bluff,NZ,65.75,scattered clouds,-46.6,168.3333,Bluff Homestead - Guesthouse & Campervan Park
46,Pisco,PE,71.65,few clouds,-13.7,-76.2167,Hotel San Isidro Oficial
48,Hasaki,JP,54.28,overcast clouds,35.7333,140.8333,Hotel Sunrise Choshi
49,Tanete,ID,87.58,overcast clouds,-3.9443,119.7848,Wisma Tri Multi
51,Trinidad,BO,76.53,light rain,-14.8333,-64.9,Hotel Piesta
52,Ponta Do Sol,PT,66.83,overcast clouds,32.6667,-17.1,Hotel do Campo
53,Alofi,NU,84.09,broken clouds,-19.0595,-169.9187,Taloa Heights
54,Mataura,NZ,81.01,scattered clouds,-46.1927,168.8643,Ellie's Villa
55,Sao Joaquim,BR,61.0,heavy intensity rain,-28.2939,-49.9317,Pousada Alternativa Cravo e Canela
58,Ahipara,NZ,73.31,clear sky,-35.1667,173.1667,Ahipara Holiday Park
60,Kulhudhuffushi,MV,81.18,overcast clouds,6.6221,73.07,Haajy Guest House 1
62,Saint-Philippe,RE,82.11,broken clouds,-21.3585,55.7679,"Chambres d'h√¥te ""La Trinit√©"""
64,Kokopo,PG,82.87,light rain,-4.352,152.2633,Kokopo Beach Bungalow Resort
66,Saint-Louis,SN,70.93,broken clouds,16.3333,-15.0,
67,Arraial Do Cabo,BR,75.31,overcast clouds,-22.9661,-42.0278,Pousada Porto Praia
68,Muisne,EC,75.92,overcast clouds,0.6,-80.0333,Quinta Samay
69,Caruray,PH,78.4,overcast clouds,10.3094,119.0128,
71,Caravelas,BR,74.66,clear sky,-17.7125,-39.2481,Pousada dos Navegantes
75,Forio,IT,55.42,few clouds,40.7342,13.8646,Hotel Terme Providence
77,Lakes Entrance,AU,78.57,overcast clouds,-37.8811,147.981,The Esplanade Resort & Spa
83,Saldanha,ZA,59.05,clear sky,-33.0117,17.9442,Blue Bay Lodge
84,Yulara,AU,84.04,broken clouds,-25.2406,130.9889,Desert Gardens Hotel - Ayers Rock Resort
85,East London,ZA,65.34,mist,-33.0153,27.9116,Tu Casa
86,Gurupa,BR,73.62,overcast clouds,-1.405,-51.64,Hotel Vit√≥ria
87,Esperance,AU,69.82,scattered clouds,-33.8667,121.9,Hospitality Esperance
91,Butaritari,KI,82.09,light rain,3.0707,172.7902,Isles Sunset Lodge
92,Boyolangu,ID,85.84,scattered clouds,-8.1181,111.8935,Yos ega cv
93,Hurghada,EG,55.2,clear sky,27.2574,33.8129,Sea Star Beau Rivage Hotel
96,Linda,US,57.58,clear sky,39.1277,-121.5508,Comfort Suites Marysville-Yuba City
99,Labuhan,ID,84.69,moderate rain,-6.8844,112.2051,DoubleFAG
101,Bansang,GM,76.06,few clouds,13.4333,-14.65,Margie's Lodge
102,Kavaratti,IN,79.45,broken clouds,10.5669,72.642,Hotels in Lakshadweep Islands
103,Vaini,TO,80.91,few clouds,-21.2,-175.2,Keleti Beach Resort
104,Geraldton,AU,93.61,clear sky,-28.7667,114.6,Broadwater Mariner Resort
105,Vila Velha,BR,77.95,broken clouds,-20.3297,-40.2925,Quality Suites Vila Velha
107,Airai,TL,70.57,overcast clouds,-8.9266,125.4092,
108,Port Alfred,ZA,70.93,overcast clouds,-33.5906,26.891,The Halyards Hotel
111,Madingou,CG,71.26,moderate rain,-4.1536,13.55,HOTEL KIM ELISA
113,Neuquen,AR,66.09,clear sky,-38.9516,-68.0591,Hotel del Comahue
114,Turbat,PK,61.92,clear sky,26.0023,63.044,Mubashar Quarters
115,Vila Franca Do Campo,PT,56.19,scattered clouds,37.7167,-25.4333,Pestana Bahia Praia
118,Prachuap Khiri Khan,TH,79.11,overcast clouds,12.2167,99.75,‡∏ú‡∏Å‡∏≤‡∏Å‡∏£‡∏≠‡∏á‡∏£‡∏µ‡∏™‡∏≠‡∏£‡πå‡∏ó
119,Lagoa,PT,56.07,broken clouds,39.05,-27.9833,Casa Das Faias
120,Cayenne,GF,79.09,few clouds,4.9333,-52.3333,H√¥tel Le Dronmi
121,Salalah,OM,73.49,broken clouds,17.0151,54.0924,"HAMDAN PLAZA HOTEL SALALAH, an HTG Hotel"
122,Lata,PT,50.81,few clouds,40.1629,-8.3327,Casa Maquia
123,Pemangkat,ID,82.76,scattered clouds,1.1667,108.9667,Ramah Kost KITA
125,Constitucion,CL,54.57,broken clouds,-35.3333,-72.4167,Hotel Boutique Las Azucenas
130,Mount Gambier,AU,69.12,scattered clouds,-37.8333,140.7667,The Commodore
133,Souillac,MU,80.37,scattered clouds,-20.5167,57.5167,Shanti Maurice Resort & Spa
136,Pozo Colorado,PY,92.26,few clouds,-23.4923,-58.7972,Hospedaje la Amistad
137,San Quintin,MX,62.01,overcast clouds,30.4833,-115.95,Don Eddie's Landing
138,Lebu,CL,52.93,broken clouds,-37.6167,-73.65,Hostal Las Lilas
139,Nkowakowa,ZA,62.65,light rain,-23.8878,30.2871,Moytel 966A Guest House & Spa
143,Gondar,ET,58.69,broken clouds,12.6,37.4667,L Shape Hotel
144,Bengkulu,ID,83.73,broken clouds,-3.8004,102.2655,Grage Hotel Bengkulu
149,Muros,ES,52.09,overcast clouds,42.7762,-9.0603,Apartment Av. Castelao
153,Kieta,PG,83.88,moderate rain,-6.2167,155.6333,Uruna Bay Retreat
154,Pecos,US,55.87,clear sky,31.4229,-103.4932,Knights Inn & Suites Pecos
155,Matara,LK,78.13,overcast clouds,5.9485,80.5353,Amaloh Boutique Resort
156,Port Elizabeth,ZA,70.11,broken clouds,-33.918,25.5701,39 On Nile Guest House
158,Rong Kwang,TH,75.56,clear sky,18.339,100.3174,Rong Kwang Hotel
166,Isangel,VU,86.11,scattered clouds,-19.55,169.2667,Tanna Lodge
168,Marawi,PH,71.65,overcast clouds,7.9986,124.2928,Derogongan Residence
169,Rawson,AR,59.0,overcast clouds,-43.3002,-65.1023,Hosteria Sampedro
170,Tagusao,PH,81.86,light rain,9.1924,117.8141,Green Villa beach resort
171,Bredasdorp,ZA,64.09,clear sky,-34.5322,20.0403,Bredasdorp Country Manor
173,Mahebourg,MU,80.26,scattered clouds,-20.4081,57.7,Shandrani Beachcomber Resort & Spa
174,Ternate,ID,81.0,overcast clouds,0.8,127.4,Sahid Bela Ternate Hotel
175,Carnarvon,AU,82.47,clear sky,-24.8667,113.6333,Hospitality Carnarvon
176,Wanning,CN,76.32,few clouds,18.8003,110.3967,Paradise Hotel
180,Shorapur,IN,69.87,broken clouds,16.5167,76.75,‡≤∞‡≤Æ‡≥á‡≤∂‡≥ç ‡≤Ö‡≤µ‡≤∞ ‡≤Æ‡≤®‡≥Ü
181,San Cristobal,VE,70.02,overcast clouds,7.7669,-72.225,Posada Villaven C.A.
185,San Lawrenz,MT,52.86,broken clouds,36.0553,14.204,San Andrea Hotel
186,Carnot,CF,66.56,broken clouds,4.9409,15.8665,
187,Kaitangata,NZ,68.94,broken clouds,-46.2817,169.8464,Kaitangata Motor Camp
188,Jardim,BR,78.37,few clouds,-21.4803,-56.1381,Estancia Hotel - Jardim MS
189,Lebowakgomo,ZA,67.1,overcast clouds,-24.2,29.5,Chuene Resort
191,Kantang,TH,84.29,few clouds,7.4054,99.5156,Reng Ta Chai Boutique HomeStay
192,Guerrero Negro,MX,64.09,broken clouds,27.9769,-114.0611,"Casa Laguna, Bed & Breakfast"
193,Sanger,US,56.77,haze,36.708,-119.556,Townhouse Motel
194,Coihueco,CL,57.94,few clouds,-36.6167,-71.8333,Frutillares Centro Coihueco
196,Port Lincoln,AU,68.65,overcast clouds,-34.7333,135.8667,Port Lincoln Hotel
198,Hithadhoo,MV,81.75,overcast clouds,-0.6,73.0833,Scoop Guest House
200,Georgetown,MY,84.15,few clouds,5.4112,100.3354,Cititel Penang
201,Tezu,IN,67.1,clear sky,27.9167,96.1667,Circuit House
203,Kasempa,ZM,62.58,overcast clouds,-13.4584,25.8338,Lolelunga Forest Reserve
204,Taoudenni,ML,53.64,overcast clouds,22.6783,-3.9836,
205,Camaqua,BR,73.94,broken clouds,-30.8511,-51.8122,Bartz Hotel
206,Talara,PE,71.89,overcast clouds,-4.5772,-81.2719,Hostal Oro Negro
214,San Fernando,PH,86.14,overcast clouds,15.0286,120.6898,Maharlika Hostel
215,Antofagasta,CL,67.28,clear sky,-23.65,-70.4,"Holiday Inn Express Antofagasta, an IHG Hotel"
218,Te Anau,NZ,73.36,broken clouds,-45.4167,167.7167,Kingsgate Hotel Te Anau
220,Buala,SB,85.93,light rain,-8.145,159.5921,Maringe Lagoon Lodge
222,Cabo San Lucas,MX,75.51,clear sky,22.8909,-109.9124,Hotel Tesoro Los Cabos
223,Hualmay,PE,72.07,overcast clouds,-11.0964,-77.6139,Hotel Villa Kitzia Huacho
226,Bairiki,KI,86.0,scattered clouds,1.3292,172.9752,Tarawa Boutique Hotel
227,Kindu,CD,65.28,overcast clouds,-2.95,25.95,R√©sidence Okanda
230,Chilca,PE,73.56,broken clouds,-12.5211,-76.7372,Playa Punta Yaya - Las Salinas
233,Emerald,AU,97.34,broken clouds,-23.5333,148.1667,The Irish Village
234,Cockburn Town,TC,78.53,clear sky,21.4612,-71.1419,Osprey Beach Hotel
236,Celestun,MX,70.56,overcast clouds,20.8667,-90.4,Posada Lilia
237,Launceston,AU,80.24,clear sky,-41.45,147.1667,Hotel Grand Chancellor Launceston
239,Bourail,NC,83.28,light rain,-21.5667,165.4833,Motel Allamanda
242,Fundacion,CO,80.26,broken clouds,10.5207,-74.185,ITN Fundaci√≥n Magdalena
243,Katsuura,JP,50.04,overcast clouds,35.1333,140.3,Katsuura Hotel Mikazuki
246,Tura,IN,66.06,clear sky,25.5198,90.2201,Hotel RIKMAN Continental
247,Laguna,US,56.25,clear sky,38.421,-121.4238,"Holiday Inn Express & Suites Elk Grove Central - Hwy 99, an IHG Hotel"
249,Nishihara,JP,60.46,broken clouds,26.1842,127.7558,Minshuku Agaihama
252,Kahului,US,81.66,clear sky,20.8947,-156.47,Maui Seaside Hotel
254,Vao,NC,76.41,scattered clouds,-22.6667,167.4833,Hotel Kou-Bugny
255,Bardiyah,LY,51.55,few clouds,31.7561,25.0865,ÿ®Ÿàÿ±ÿ™Ÿà ÿ®ÿ±ÿØŸäÿ©
256,Namibe,AO,66.63,few clouds,-15.1961,12.1522,Hotel Chik Chik Namibe
258,Goroka,PG,71.53,overcast clouds,-6.0834,145.3873,Bird of Paradise Hotel & Apartments
260,Taree,AU,92.07,overcast clouds,-31.9,152.4667,All Seasons Country Lodge Taree
261,Ayorou,NE,62.51,scattered clouds,14.7308,0.9174,Hotel Amenokal
262,Nelson Bay,AU,90.77,overcast clouds,-32.7167,152.15,Mantra Nelson Bay
264,Avarua,CK,80.65,broken clouds,-21.2078,-159.775,Paradise Inn
265,Ilhabela,BR,75.36,overcast clouds,-23.7781,-45.3581,Ilha Flat Hotel
267,Kavieng,PG,82.9,light rain,-2.5744,150.7967,Nusa Island Retreat
271,Pangai,TO,82.4,light rain,-19.8,-174.35,Ha'apai Beach Resort
273,Balaka,MW,65.07,overcast clouds,-14.9793,34.9558,Sun Village Lodge
275,Kalianget,ID,81.55,overcast clouds,-7.05,113.9333,Pesanggrahan Garam
276,Umm Bab,QA,65.88,scattered clouds,25.2142,50.8072,
281,Gore,NZ,79.16,broken clouds,-46.1028,168.9436,Esplanade Motels
283,Lima,PE,71.85,few clouds,-12.0432,-77.0282,Gran Hotel Bolivar Lima
285,Langsa,ID,84.2,light rain,4.4683,97.9683,OYO 2964 Hotel Ridho
287,Dahegam,IN,55.17,clear sky,23.1667,72.8167,OYO 3231 Malhaar Resort
291,Comodoro Rivadavia,AR,51.66,scattered clouds,-45.8667,-67.5,Austral Hotel
294,Goure,NE,59.02,clear sky,13.9835,10.2704,
296,Saquarema,BR,73.09,overcast clouds,-22.92,-42.5103,Hotel Fazenda Sol e Lua
297,Gizo,SB,83.73,light rain,-8.103,156.8419,Imagination Island
298,Bendigo,AU,82.63,overcast clouds,-36.7667,144.2833,The Hotel Shamrock
301,Ishigaki,JP,71.73,broken clouds,24.3448,124.1572,Hotel Peace Land Ishigakijima
302,Pardi,IN,67.78,clear sky,20.5167,72.95,Hotel Vishram &Guest House
303,Faanui,PF,78.33,moderate rain,-16.4833,-151.75,Bora-Bora Pearl Beach Resort & Spa
304,Ratnagiri,IN,75.9,broken clouds,16.9833,73.3,Hotel Landmark
305,Arlit,NE,52.81,broken clouds,18.7369,7.3853,Case de Passage De la Prefecture
306,Half Moon Bay,US,61.25,overcast clouds,37.4636,-122.4286,"The Ritz-Carlton, Half Moon Bay"
307,Byron Bay,AU,89.71,broken clouds,-28.65,153.6167,Backpackers Inn
310,Hambantota,LK,79.74,overcast clouds,6.1241,81.1185,Bungalow 63
315,Aloleng,PH,81.5,broken clouds,16.1307,119.7824,Steve Walden and Emma Sison-Walden Residence
316,Akyab,MM,70.45,clear sky,20.15,92.9,Hotel Memory
318,Riyadh,SA,51.94,clear sky,24.6877,46.7219,"InterContinental Riyadh, an IHG Hotel"
320,Bouca,CF,66.83,broken clouds,6.5105,18.2733,
321,Saint Pete Beach,US,64.17,overcast clouds,27.7253,-82.7412,Grand Plaza Hotel - St. Pete Beach
322,Yangambi,CD,68.45,overcast clouds,0.8102,24.4336,
323,Jacareacanga,BR,72.12,overcast clouds,-6.2222,-57.7528,Casa do Ianüòé
324,Wynyard,AU,74.98,clear sky,-41.0,145.7167,Burnie Airport Motel
327,Touros,BR,77.9,scattered clouds,-5.1989,-35.4608,INN NEW HORIZON
330,Adrar,MR,57.25,broken clouds,20.5022,-10.0711,
331,Palmares Do Sul,BR,76.24,overcast clouds,-30.2578,-50.5097,Restaurante e Pens√£o Lopes
332,Hays,US,52.29,clear sky,30.0502,-98.0336,Sinya on Lone Man Creek
333,Barra,BR,76.53,overcast clouds,-11.0894,-43.1417,Motel Albatroz
336,Saint-Joseph,RE,81.1,broken clouds,-21.3667,55.6167,"""Plantation Bed and Breakfast"
337,Kangundo,KE,60.42,moderate rain,-1.2979,37.3471,Kmercy Suites
338,Picos,BR,72.1,overcast clouds,-7.0769,-41.4669,Entre Rios Hotel
339,Macapa,BR,76.98,broken clouds,0.0389,-51.0664,Atalanta Hotel
341,Dingle,PH,79.27,overcast clouds,10.9995,122.6711,SEGAYA PROPERTY
342,Faya,SA,53.71,few clouds,18.3851,42.4509,ÿßŸÖŸÑÿßŸÉ ÿÆÿßŸÑÿØ ÿßŸÑÿ¥ÿπÿ¥Ÿàÿπ
351,Dabakala,CI,75.4,broken clouds,8.3667,-4.4333,H√¥tel Campement
353,Grand-Santi,GF,71.46,overcast clouds,4.25,-54.3833,Hotel La Villa Couacou
354,Lazaro Cardenas,MX,75.72,clear sky,17.9583,-102.2,quinta antigua
355,Khartoum,SD,62.02,clear sky,15.5518,32.5324,Hotel China
356,Lages,BR,64.74,overcast clouds,-27.8161,-50.3261,Hotel Le CanarD Lages
357,Campoverde,PE,80.29,scattered clouds,-8.4753,-74.8058,Hospedaje Coral's
358,Port Hedland,AU,87.85,overcast clouds,-20.3167,118.5667,"The Esplanade Hotel (Accommodation section closed for refurbishment - Bar, Restaurant & Functions remain open)"
359,Nchelenge,ZM,68.72,light rain,-9.3451,28.734,KD Travellers Home
360,Mamallapuram,IN,75.25,broken clouds,12.6264,80.1722,Radisson Blu Resort Temple Bay Mamallapuram
361,Tuatapere,NZ,75.25,scattered clouds,-46.1333,167.6833,Ron and Tony's Bed & Breakfast
362,Dire,ML,76.15,overcast clouds,12.2833,-10.9667,
364,Bathsheba,BB,77.61,scattered clouds,13.2167,-59.5167,Atlantis Hotel
365,Teknaf,BD,68.76,clear sky,20.8624,92.3058,Forestry Guesthouse
367,Cowra,AU,91.27,overcast clouds,-33.8333,148.6833,Cowra Motor Inn
370,Rio Cuarto,AR,64.83,light rain,-33.1307,-64.3499,Grand Hotel R√≠o Cuarto
371,Quatre Cocos,MU,80.1,light rain,-20.2078,57.7625,Sunrise Attitude Hotel
372,Inverell,AU,94.66,broken clouds,-29.7833,151.1167,Sapphire City Motor Inn
373,Carahue,CL,52.0,overcast clouds,-38.7,-73.1667,Hospedaje Familiar
374,Pyay,MM,74.91,clear sky,18.8167,95.2167,Shwe Pyi Thar
375,Dingli,MT,51.82,clear sky,35.8614,14.3822,The Xara Palace Relais & Chateaux
376,Moussoro,TD,61.07,clear sky,13.6408,16.4901,H√¥tel Salama
379,Ziway,ET,66.69,broken clouds,7.9333,38.7167,Haile Resort Ziway Batu
381,Torata,PE,56.86,overcast clouds,-17.0769,-70.8433,Lodging Sra. Tina Vera
382,Santa Marta,CO,81.9,few clouds,11.2408,-74.199,Casa de Isabella
386,Deneysville,ZA,60.01,overcast clouds,-26.8908,28.0971,The VaalLookout
387,Nicoya,CR,74.75,scattered clouds,10.1483,-85.452,Las Cabinas Del Sue√±o
388,Portel,BR,73.69,overcast clouds,-1.9356,-50.8211,Kitnet do Marcos
389,Siwan,IN,52.47,clear sky,26.2167,84.3667,Hotel Manish
392,Salinas,US,62.38,broken clouds,36.6777,-121.6555,Laurel Inn & Conference Center
393,Kawalu,ID,86.45,few clouds,-7.3817,108.2082,KOSAN UNGU UNSIK
395,Batemans Bay,AU,90.99,light rain,-35.7167,150.1833,Batemans Bay Marina Resort
396,Big Spring,US,53.11,clear sky,32.2504,-101.4787,Hampton Inn & Suites Big Spring
398,Casablanca,MA,59.32,scattered clouds,33.5928,-7.6192,ŸÅŸÜÿØŸÇ ÿßŸÑÿ®Ÿäÿ™ ÿßŸÑŸÖÿ∫ÿ±ÿ®Ÿä ŸÉÿßÿ≤ÿ®ŸÑÿßŸÜŸÉÿß
399,Mar Del Plata,AR,68.09,overcast clouds,-38.0023,-57.5575,Gran Hotel Mar del Plata
400,Salinopolis,BR,78.03,overcast clouds,-0.6136,-47.3561,Salinas Park Resort Ma√ßarico AP101
402,Pyapon,MM,79.61,few clouds,16.2833,95.6833,Aung Naing Thu Motel
407,Alampur,IN,72.82,overcast clouds,15.8833,78.15,Haritha Hotel Alampur
408,Pailon,BO,79.7,clear sky,-17.65,-62.75,Alojamiento pailon
413,Kalmunai,LK,80.24,overcast clouds,7.4167,81.8167,VS Villa
414,Kabinda,CD,65.32,overcast clouds,-6.1333,24.4833,Village Mianda Mutole
416,Shiyan,CN,57.42,broken clouds,32.6475,110.7781,Fenghuang Garden Holiday Hotel
418,Carballo,ES,51.01,broken clouds,43.213,-8.691,Pazo do Souto
420,Kruisfontein,ZA,67.89,broken clouds,-34.0033,24.7314,Oyster Bay House Rental
422,Fonte Boa,BR,74.17,moderate rain,-2.4959,-66.2662,
423,Saint-Georges,GD,78.71,overcast clouds,12.0564,-61.7485,Radisson Grenada Beach Resort
425,Biak,ID,78.71,light rain,-0.9131,122.8766,Penginapan Kim
426,South Venice,US,66.22,haze,27.0531,-82.4243,"Island Sun Inn & Suites - Venice, Florida Historic Downtown & Beach Getaway"
427,George,ZA,65.75,broken clouds,-33.963,22.4617,Protea Hotel by Marriott George King George
429,Mpika,ZM,61.43,light rain,-11.8343,31.4529,Melodies Lodge
430,Graaff-Reinet,ZA,65.91,overcast clouds,-32.2522,24.5308,Rietjiesbos B&B
434,Meulaboh,ID,81.64,scattered clouds,4.1363,96.1285,Kost Pria
437,Saint-Pierre,RE,82.18,clear sky,-21.3393,55.4781,Lindsey H√¥tel
439,Springbok,ZA,63.18,clear sky,-29.6643,17.8865,Undulata Country Lodge
440,Asyut,EG,53.44,overcast clouds,27.181,31.1837,ŸÅŸÜÿØŸÇ ŸÖŸäÿ≥ ÿ•Ÿäÿ¨Ÿäÿ®ÿ™ Miss Egypt Hotel
441,Pundaguitan,PH,79.57,overcast clouds,6.3711,126.1689,Leonardo Family Beach House 1
443,Banfora,BF,73.35,scattered clouds,10.6333,-4.7667,Residences David Hebi√©
447,Ngaoundere,CM,61.9,overcast clouds,7.3167,13.5833,Hotel Mentong Palace
448,Dawan,CN,52.97,overcast clouds,24.34,112.948,Hongyan Guest House
449,Sambava,MG,74.01,scattered clouds,-14.2667,50.1667,Melrose
450,Piacabucu,BR,77.77,few clouds,-10.4056,-36.4344,Pia√ßabu√ßu News
451,Buta,CD,68.72,overcast clouds,2.7858,24.73,HOTEL BISO NA BISO
452,Brufut,GM,71.69,clear sky,13.3814,-16.7518,Sheraton Gambia Hotel Resort & Spa
453,Tucurui,BR,73.02,overcast clouds,-3.7661,-49.6725,BBB Rooms Centro Tucurui PA
454,Cumpas,MX,62.85,overcast clouds,29.9833,-109.7833,Hotel La Palma
457,Waipawa,NZ,72.93,few clouds,-41.4122,175.5153,Tora Coastal Walk
460,Chhatarpur,IN,50.02,clear sky,24.9,79.6,Hotel La Capitol
461,Galveston,US,51.96,clear sky,29.3669,-94.9669,Comfort Inn & Suites Texas City
462,Morant Bay,JM,78.42,clear sky,17.8815,-76.4093,Whispering Bamboo Cove Resort
465,Nuevo Progreso,MX,56.59,clear sky,23.1667,-97.95,Balneario Rio el Paraiso
467,Palora,EC,64.04,overcast clouds,-1.7,-77.9333,Rancho grande
469,Xuddur,SO,68.56,scattered clouds,4.1213,43.8894,Banjanay Hotel
470,Atar,MR,66.25,overcast clouds,20.5169,-13.0499,Oumou Elghoura
472,Oron,NG,78.1,overcast clouds,4.8256,8.2343,Aqua Belloni Lodge
474,Axim,GH,78.21,scattered clouds,4.8699,-2.2405,Axim Beach Resort And Spa
476,Lindi,TZ,73.27,light rain,-10.0,39.7167,Lindi paradise house
478,Santa Maria Do Suacui,BR,67.26,overcast clouds,-18.1903,-42.4142,Hotel Vale Verde
481,Sola,VU,79.47,overcast clouds,-13.8833,167.55,Leumerus Bungalows
482,Bosaso,SO,71.08,scattered clouds,11.2842,49.1816,Red Sea Hotel
483,Kyaikto,MM,77.14,clear sky,17.3,97.0167,·Äî·ÄÆ·Äú·Ä¨ ·Äê·Ää·Ä∫·Ä∏·ÄÅ·Ä≠·ÄØ·ÄÅ·Äî·Ä∫·Ä∏
485,Luanda,AO,75.2,few clouds,-8.8368,13.2343,Hotel F√≥rum
489,Trincomalee,LK,80.49,overcast clouds,8.5711,81.2335,Welcombe Hotel
492,Cap Malheureux,MU,80.47,broken clouds,-19.9842,57.6142,Pereybere Hotel & Spa
493,Lufilufi,WS,89.38,light rain,-13.8745,-171.5986,Leuaina Beach Resort and Spa
494,Businga,CD,68.34,overcast clouds,3.3333,20.8833,
495,Jocon,HN,61.5,broken clouds,15.2833,-86.9667,
496,Bartica,GY,75.52,light rain,6.4,-58.6167,Sloth Island Nature Resort
497,Simbahan,PH,80.56,light rain,6.3032,120.5836,
498,Kimbe,PG,86.65,light rain,-5.5502,150.1429,Kimbe Bay Hotel
499,Naifaru,MV,82.65,scattered clouds,5.4444,73.3657,Naifaru Residence Guest House
500,Treinta Y Tres,UY,73.69,broken clouds,-33.2333,-54.3833,Jardines Apart-Hotel
501,Tuxpan,MX,62.37,broken clouds,19.55,-103.4,Hotel y Restaurante Campestre La Caba√±a
502,Auki,SB,85.28,scattered clouds,-8.7676,160.7034,Auki Motel
503,Shwebo,MM,67.91,clear sky,22.5667,95.7,MOON SHINE Guest House
504,Wanganui,NZ,79.74,clear sky,-39.9333,175.05,Aotea Motor Lodge
506,Moundou,TD,69.01,overcast clouds,8.5667,16.0833,Planete Life
509,San Andres,CO,80.62,scattered clouds,12.5847,-81.7006,Hotel Arena Blanca
510,Cururupu,BR,73.47,scattered clouds,-1.8283,-44.8683,POUSADA TRAV√âS'CIA
512,Finschhafen,PG,83.75,broken clouds,-6.6024,147.8681,Cossam Guest House
513,Padilla,CO,72.97,overcast clouds,3.2204,-76.3139,La Granadina
516,Bonthe,SL,78.21,scattered clouds,7.5264,-12.505,Bonthe Holiday Village
517,Sao Filipe,CV,71.29,clear sky,14.8961,-24.4956,Hotel Xaguate
518,Samarai,PG,84.18,overcast clouds,-10.6167,150.6667,Nuli Sapi
519,Tambun,ID,84.24,haze,-6.2641,107.0712,Metland Hotel Bekasi
521,Los Llanos De Aridane,ES,65.12,haze,28.6585,-17.9182,Valle Aridane
523,Ambilobe,MG,75.65,overcast clouds,-13.2,49.05,H√¥tel & Restaurant DIANA Ambilobe
524,Kandrian,PG,87.87,light rain,-6.2167,149.55,Kandrian Station
525,Makakilo City,US,77.32,clear sky,21.3469,-158.0858,Marriott's Ko Olina Beach Club
527,Bani Walid,LY,50.92,overcast clouds,31.7566,13.9942,ŸÖŸÜÿ≤ŸÑ ŸÖŸÅÿ™ÿßÿ≠ ŸÖÿ≠ŸÖÿØ ÿßŸÑÿ≤ŸÑÿ®Ÿä
528,Ixtapa,MX,74.23,scattered clouds,20.7,-105.2,Hotel Plaza Providencia
529,Bombay,IN,75.18,haze,19.0144,72.8479,Hotel Avon Ruby-Dadar
530,Codo,BR,71.96,broken clouds,-4.4553,-43.8856,Hotel Porto do Sol
533,Puri,IN,64.92,clear sky,19.8,85.85,OYO 1577 Hotel Shree Hari Grand
534,Padang,ID,86.05,few clouds,-0.9492,100.3543,Mercure Padang
535,Kaduqli,SD,69.8,scattered clouds,11.0167,29.7167,ŸÅŸÜÿØŸÇ ÿßŸÑŸÑŸá ÿ¨ÿßÿ®Ÿà
536,Morro Bay,US,62.2,broken clouds,35.3658,-120.8499,Inn at Morro Bay
537,La Palma,US,70.03,broken clouds,33.8464,-118.0467,La Quinta Inn & Suites by Wyndham Buena Park
538,Ligayan,PH,80.04,overcast clouds,4.6533,119.4706,
539,Tateyama,JP,53.87,overcast clouds,34.9833,139.8667,Tateyama Seaside Hotel
542,Denpasar,ID,82.76,overcast clouds,-8.65,115.2167,ASTON Denpasar Hotel & Convention Center
543,Valparaiso,CL,62.24,overcast clouds,-33.0393,-71.6273,Hotel Ultramar
544,Rocha,UY,73.31,broken clouds,-34.4833,-54.3333,Hotel Arrarte
545,Richards Bay,ZA,72.46,light rain,-28.783,32.0377,BON Hotel Waterfront Richards Bay
547,Abilene,US,54.09,clear sky,32.4487,-99.7331,La Quinta Inn by Wyndham Abilene
548,Daru,PG,82.72,overcast clouds,-9.0763,143.2092,Daru Lodge
549,Sungairaya,ID,85.42,scattered clouds,0.7,108.9,Mess P.Milu
553,Sriperumbudur,IN,74.88,broken clouds,12.9689,79.9489,Sree Residency
554,Ouadda,CF,68.43,scattered clouds,8.0777,22.4007,
555,Birin,NP,52.03,broken clouds,26.8865,88.0718,Sangam hotel and lodge
556,Padre Bernardo,BR,68.67,overcast clouds,-15.35,-48.5,
557,Sorong,ID,77.58,overcast clouds,-0.8833,131.25,Waigo Splash Hotel
558,Sao Joao Da Barra,BR,75.92,few clouds,-21.6403,-41.0511,Pousada Porto De Canoas
560,Lompoc,US,62.56,overcast clouds,34.6391,-120.4579,"Holiday Inn Express Lompoc, an IHG Hotel"
563,Gunjur,GM,71.67,clear sky,13.2019,-16.7339,Dalaba Eco-Lodge Gambia
565,Porterville,US,55.67,overcast clouds,36.0652,-119.0168,"Holiday Inn Express & Suites Porterville, an IHG Hotel"
568,Serro,BR,65.05,overcast clouds,-18.6047,-43.3794,Pousada Mariana
569,Lascahobas,HT,73.04,few clouds,18.8294,-71.9364,oasisinn lascahobas
572,Santa Rosa,PH,86.11,broken clouds,14.3122,121.1114,Erlyn‚Äôs Sta Rosa City Home
577,Mwanza,TZ,65.46,overcast clouds,-2.5167,32.9,Gold Crest Hotel
579,Ciudad Bolivar,VE,76.23,clear sky,8.1222,-63.5497,Hotel Edi
581,Alta Floresta,BR,70.57,clear sky,-9.8756,-56.0861,Floresta Amazonica Hotel
583,Baturaja,ID,84.18,broken clouds,-4.1333,104.1667,"HOTEL Sekar Sunja, Baturaja Timur, Ogan Komering Ulu"
584,Pochutla,MX,76.05,clear sky,15.7432,-96.4661,Hotel Posada San Jose
585,Zhicheng,CN,52.27,overcast clouds,30.2956,111.5047,Wangjiang Building
587,Gamba,GA,74.73,light rain,-2.65,10.0,
589,Porto Nacional,BR,77.0,broken clouds,-10.7081,-48.4172,Vila Real Hotel
590,Fenoarivo,MG,66.27,light rain,-18.933,47.4354,Skyfol Ambodiafontsy
591,Omboue,GA,74.84,moderate rain,-1.5746,9.2618,Hotel Olako
592,Matao,BR,67.23,overcast clouds,-21.6033,-48.3658,Hotel Cai√ßara
593,Fandriana,MG,62.31,overcast clouds,-20.2333,47.3833,Fandriana
595,Sinnamary,GF,77.31,overcast clouds,5.3833,-52.95,ALETHEIA Appartement Sinnamary
596,Pozzallo,IT,51.21,clear sky,36.7305,14.8499,Mare Nostrum Petit H√¥tel
597,Harper,LR,78.06,clear sky,4.375,-7.7169,Screensaver
598,Lorengau,PG,84.65,broken clouds,-2.0226,147.2712,Lorengau Harbourside Hotel
600,Flinders,AU,88.81,overcast clouds,-34.5833,150.8552,Shellharbour Resort & Conference Centre
601,Marrakesh,MA,50.07,clear sky,31.6315,-8.0083,Novotel Marrakech Hivernage
602,Guanare,VE,80.62,few clouds,9.0418,-69.7421,Nuevo Hotel Coromoto
603,Ngunguru,NZ,83.16,clear sky,-35.6167,174.5,Pacific Rendezvous Motel Resort
605,Vieux-Habitants,GP,72.72,few clouds,16.0589,-61.7659,G√Ætes Dardanelle
606,San Policarpo,PH,79.93,scattered clouds,12.1791,125.5072,Agapita M. Nicart
608,Araouane,ML,54.36,broken clouds,18.9048,-3.5265,
609,Port Blair,IN,81.93,overcast clouds,11.6667,92.75,"Welcomhotel By ITC Hotels, Bay Island, Port Blair"
610,Sawakin,SD,68.67,broken clouds,19.1059,37.3321,ŸÅŸÜÿØŸÇ ÿßŸÑÿØŸàŸäŸÖ
611,San Pedro,PH,85.35,few clouds,14.35,121.0167,Villa Veronica Resort Private Pool
612,Codrington,AU,66.51,overcast clouds,-38.2667,141.9667,Codrington Gardens Bed And Breakfast
614,Semporna,MY,86.2,overcast clouds,4.4818,118.6112,"Han Palace Hotel, Semporna, Sabah."
616,Nsanje,MW,70.68,overcast clouds,-16.92,35.262,Nsanje Discovery Lodge
618,Ende,ID,84.87,overcast clouds,-8.8432,121.6623,Dwi Putra Hotel - Ende
620,Ouallam,NE,62.1,clear sky,14.3188,2.0866,
621,Puerto Quijarro,BO,76.23,scattered clouds,-17.7833,-57.7667,Hotel palance
622,Frontera,MX,60.33,broken clouds,26.9333,-101.45,Casagrande Hotel
627,Phrae,TH,76.86,scattered clouds,18.0833,100.0,Gingerbread Cottage Resort & Spa
628,Tumut,AU,76.39,light rain,-35.3,148.2167,Amaroo Motel
629,Japaratuba,BR,79.88,broken clouds,-10.5933,-36.9403,Pousada Japaratuba
631,Pereira Barreto,BR,71.11,overcast clouds,-20.6383,-51.1092,Hotel Pousada Pantal
632,Rio Grande,BR,74.95,light rain,-32.035,-52.0986,Hotel Atl√¢ntico Rio Grande
635,Robertsport,LR,80.02,overcast clouds,6.7533,-11.3686,Kwepunha Retreat
636,Sibolga,ID,80.1,few clouds,1.7427,98.7792,Hotel Syariah CN Darussalam
639,Kathua,IN,51.66,overcast clouds,32.3667,75.5167,Avalon Residency
647,Maldonado,UY,73.22,broken clouds,-34.6667,-54.9167,La Cimarrona
648,Sayyan,YE,52.7,clear sky,15.1718,44.3244,ŸÖŸÑÿßÿ∑ŸÅ ÿßÿ®Ÿàÿ≠Ÿàÿ±Ÿäÿ©
652,Tautira,PF,84.22,light rain,-17.7333,-149.15,Pension Oaoa
655,Pringsewu,ID,84.33,overcast clouds,-5.3582,104.9744,Urban Style by Front One
656,Gambela,ET,83.26,overcast clouds,8.25,34.5833,Solomon Debebe Hotel
659,Tevaitoa,PF,79.88,moderate rain,-16.7833,-151.5,H√¥tel Raiatea Lodge
660,Lake City,US,51.55,clear sky,30.1897,-82.6393,Ramada Limited Lake City
664,Honiara,SB,89.04,broken clouds,-9.4333,159.95,Heritage Park Hotel
665,Atambua,ID,81.12,overcast clouds,-9.1061,124.8925,Pastori 1 Jemaat Polycarpus
666,Kirundo,BI,61.57,overcast clouds,-2.5833,30.1667,Maranatha Hotel
668,Kilindoni,TZ,80.78,overcast clouds,-7.9139,39.6668,Bustani B&B
670,Takoradi,GH,78.49,scattered clouds,4.8845,-1.7554,Raybow International Hotel
671,Progreso,MX,65.1,overcast clouds,21.2833,-89.6667,Playa Linda Hotel
673,Malibu,US,68.68,overcast clouds,34.005,-118.8101,Malibu Country Inn
674,Barra Do Bugres,BR,77.83,broken clouds,-15.0725,-57.1811,Hotel 4AM Petrofurt
675,Panguna,PG,78.06,moderate rain,-6.3164,155.4848,
678,Lhokseumawe,ID,81.63,overcast clouds,5.1801,97.1507,OYO 3278 Penginapan Alfajri
679,Kirakira,SB,87.46,broken clouds,-10.4544,161.9205,SanBiz Lodge
680,Tuy Hoa,VN,76.39,broken clouds,13.0833,109.3,CenDeluxe Hotel Tuy Hoa
682,Bullhead City,US,62.02,clear sky,35.1478,-114.5683,Harrah's Laughlin
683,San Blas,MX,70.54,overcast clouds,21.5167,-105.2667,Hotel Posada del Rey
684,Ribeira Do Pombal,BR,71.37,clear sky,-10.8344,-38.5358,Pousada Central
685,Plettenberg Bay,ZA,67.05,broken clouds,-34.0527,23.3716,Thanda Vista B&B
686,Eirunepe,BR,75.54,overcast clouds,-6.6603,-69.8736,Atr√°s de voc√™
688,Sumbe,AO,74.55,overcast clouds,-11.2061,13.8437,Hotel Ritz Sumbe
691,Nioro,GM,74.91,broken clouds,13.35,-15.75,
