City_ID,City,Country,Lat,Lng,Max Temp,Humidity,Cloudiness,Wind Speed,Current Description
0,Iztapa,GT,13.9333,-90.7075,75.69,80,0,4.9,clear sky
1,Umm Kaddadah,SD,13.6017,26.6876,58.78,26,3,17.52,clear sky
2,Viedma,AR,-40.8135,-62.9967,57.18,45,10,7.7,clear sky
3,Ushuaia,AR,-54.8,-68.3,37.06,81,75,14.97,broken clouds
4,Gravdal,NO,68.1214,13.5031,34.18,61,94,24.32,overcast clouds
5,Atuona,PF,-9.8,-139.0333,78.84,78,19,21.39,few clouds
6,Ribeira Grande,PT,38.5167,-28.7,56.77,57,62,15.61,broken clouds
7,Castro,BR,-24.7911,-50.0119,63.72,96,100,2.42,overcast clouds
8,Chokurdakh,RU,70.6333,147.9167,-42.77,100,77,6.06,broken clouds
9,Busselton,AU,-33.65,115.3333,81.05,33,5,5.82,clear sky
10,Rikitea,PF,-23.1203,-134.9692,77.49,70,35,6.76,scattered clouds
11,Coquimbo,CL,-29.9533,-71.3436,62.33,77,0,3.44,clear sky
12,Warrington,GB,53.3925,-2.5802,46.51,84,100,1.99,overcast clouds
13,Puerto Escondido,MX,15.85,-97.0667,77.83,73,20,0.0,few clouds
14,New Norfolk,AU,-42.7826,147.0587,80.74,35,6,7.0,clear sky
15,Hermanus,ZA,-34.4187,19.2345,63.9,88,1,3.36,clear sky
16,Nouadhibou,MR,20.931,-17.0347,66.18,63,0,18.41,clear sky
17,Mayskiy,RU,47.6931,40.1025,29.61,94,13,5.08,few clouds
18,Tiksi,RU,71.6872,128.8694,-24.41,98,44,6.15,scattered clouds
19,Pak Kret,TH,13.913,100.4988,87.98,59,20,2.3,few clouds
20,Hilo,US,19.7297,-155.09,76.73,85,100,4.61,overcast clouds
21,Abha,SA,18.2164,42.5053,53.42,82,0,11.5,clear sky
22,Puerto Ayora,EC,-0.7393,-90.3518,71.98,90,79,5.77,broken clouds
23,Olafsvik,IS,64.8945,-23.7142,43.16,95,100,28.05,overcast clouds
24,Yellowknife,CA,62.456,-114.3525,-12.59,83,100,10.36,light snow
25,Sinjar,IQ,36.3209,41.8754,32.9,43,0,2.89,clear sky
26,Tocopilla,CL,-22.092,-70.1979,68.99,78,11,0.63,few clouds
27,Bambous Virieux,MU,-20.3428,57.7575,80.22,83,40,3.44,light rain
28,Vilyuysk,RU,63.7553,121.6247,-38.42,100,65,2.26,broken clouds
29,Albany,US,42.6001,-73.9662,26.8,80,100,1.01,snow
30,Mbuji-Mayi,CD,-6.15,23.6,67.46,97,100,1.12,overcast clouds
31,Brownsville,US,25.9018,-97.4975,50.11,66,0,3.44,clear sky
32,Poum,NC,-20.2333,164.0167,81.34,70,96,15.77,overcast clouds
33,Nikolskoye,RU,59.7035,30.7861,31.91,88,100,5.19,overcast clouds
34,Cherskiy,RU,68.75,161.3,-40.59,100,27,3.18,scattered clouds
35,Chuy,UY,-33.6971,-53.4616,73.0,93,63,4.38,broken clouds
36,San Patricio,US,28.017,-97.5169,55.81,21,0,3.24,clear sky
37,Fortuna,US,40.5982,-124.1573,46.92,93,99,2.77,overcast clouds
38,Cape Town,ZA,-33.9258,18.4232,64.11,82,0,2.3,clear sky
39,Hondo,JP,32.45,130.2,48.15,54,100,7.65,overcast clouds
40,Hobart,AU,-42.8794,147.3294,81.1,52,40,1.99,scattered clouds
41,Asau,RO,46.4333,26.4,20.32,54,100,7.05,overcast clouds
42,Kununurra,AU,-15.7667,128.7333,89.58,62,75,8.05,broken clouds
43,Kapaa,US,22.0752,-159.319,76.98,84,100,6.91,light rain
44,Greytown,ZA,-29.0642,30.5928,60.94,99,100,0.54,light rain
45,Bluff,NZ,-46.6,168.3333,65.75,62,46,9.48,scattered clouds
46,Pisco,PE,-13.7,-76.2167,71.65,83,20,13.8,few clouds
47,Aswan,EG,24.0934,32.907,46.9,48,0,5.59,clear sky
48,Hasaki,JP,35.7333,140.8333,54.28,55,100,10.56,overcast clouds
49,Tanete,ID,-3.9443,119.7848,87.58,62,100,6.76,overcast clouds
50,Jiayuguan,CN,39.8167,98.3,30.52,25,3,2.8,clear sky
51,Trinidad,BO,-14.8333,-64.9,76.53,81,16,4.5,light rain
52,Ponta Do Sol,PT,32.6667,-17.1,66.83,57,100,16.49,overcast clouds
53,Alofi,NU,-19.0595,-169.9187,84.09,65,75,10.36,broken clouds
54,Mataura,NZ,-46.1927,168.8643,81.01,31,43,4.61,scattered clouds
55,Sao Joaquim,BR,-28.2939,-49.9317,61.0,97,100,2.75,heavy intensity rain
56,Dandong,CN,40.1292,124.3947,21.81,32,33,13.27,scattered clouds
57,Qaanaaq,GL,77.484,-69.3632,-5.17,56,0,8.46,clear sky
58,Ahipara,NZ,-35.1667,173.1667,73.31,55,0,11.9,clear sky
59,Khatanga,RU,71.9667,102.5,-21.23,93,14,4.14,few clouds
60,Kulhudhuffushi,MV,6.6221,73.07,81.18,73,99,8.1,overcast clouds
61,Akureyri,IS,65.6835,-18.0878,49.93,53,40,14.97,scattered clouds
62,Saint-Philippe,RE,-21.3585,55.7679,82.11,82,67,4.0,broken clouds
63,Kodiak,US,57.79,-152.4072,26.11,63,0,4.61,clear sky
64,Kokopo,PG,-4.352,152.2633,82.87,76,100,6.38,light rain
65,Nantucket,US,41.2835,-70.0995,37.15,79,100,25.05,overcast clouds
66,Saint-Louis,SN,16.3333,-15.0,70.93,24,62,4.32,broken clouds
67,Arraial Do Cabo,BR,-22.9661,-42.0278,75.31,87,100,22.3,overcast clouds
68,Muisne,EC,0.6,-80.0333,75.92,85,100,6.93,overcast clouds
69,Caruray,PH,10.3094,119.0128,78.4,80,100,13.31,overcast clouds
70,Tasiilaq,GL,65.6145,-37.6368,19.56,94,100,21.47,snow
71,Caravelas,BR,-17.7125,-39.2481,74.66,93,0,3.74,clear sky
72,Carson City,US,39.1638,-119.7674,44.47,68,0,1.99,clear sky
73,Thompson,CA,55.7435,-97.8558,-14.64,76,20,8.05,few clouds
74,Bethel,US,41.3712,-73.414,39.78,90,100,5.99,snow
75,Forio,IT,40.7342,13.8646,55.42,82,14,11.99,few clouds
76,Hamilton,US,39.1834,-84.5333,31.06,93,100,1.99,snow
77,Lakes Entrance,AU,-37.8811,147.981,78.57,67,100,13.6,overcast clouds
78,Kedrovyy,RU,56.1667,91.8167,19.87,93,99,6.29,light snow
79,Saint George,US,37.1041,-113.5841,47.53,54,0,1.99,clear sky
80,Dalvik,IS,65.9702,-18.5286,49.93,99,100,5.95,overcast clouds
81,Yining,CN,29.0361,114.5636,48.18,85,100,0.67,light rain
82,Revelstoke,CA,50.9832,-118.2023,33.82,100,100,5.75,light rain
83,Saldanha,ZA,-33.0117,17.9442,59.05,92,4,6.17,clear sky
84,Yulara,AU,-25.2406,130.9889,84.04,61,75,19.57,broken clouds
85,East London,ZA,-33.0153,27.9116,65.34,100,100,12.66,mist
86,Gurupa,BR,-1.405,-51.64,73.62,94,100,3.4,overcast clouds
87,Esperance,AU,-33.8667,121.9,69.82,55,32,17.74,scattered clouds
88,Tungor,RU,53.3808,142.9564,15.04,94,100,14.56,light snow
89,Deputatskiy,RU,69.3,139.9,-34.55,98,12,4.45,few clouds
90,Severo-Kurilsk,RU,50.6789,156.125,28.29,62,100,8.66,overcast clouds
91,Butaritari,KI,3.0707,172.7902,82.09,78,38,16.58,light rain
92,Boyolangu,ID,-8.1181,111.8935,85.84,66,47,1.23,scattered clouds
93,Hurghada,EG,27.2574,33.8129,55.2,61,4,16.26,clear sky
94,Beringovskiy,RU,63.05,179.3167,-14.84,89,28,18.16,scattered clouds
95,Hofn,IS,64.2539,-15.2082,30.6,82,100,5.17,overcast clouds
96,Linda,US,39.1277,-121.5508,57.58,81,0,3.44,clear sky
97,Barrow,US,71.2906,-156.7887,-14.78,76,100,5.75,overcast clouds
98,Yashalta,RU,46.3395,42.2762,28.53,90,95,9.37,overcast clouds
99,Labuhan,ID,-6.8844,112.2051,84.69,70,63,9.84,moderate rain
100,Ancud,CL,-41.8697,-73.8203,44.13,77,7,6.91,clear sky
101,Bansang,GM,13.4333,-14.65,76.06,42,11,5.48,few clouds
102,Kavaratti,IN,10.5669,72.642,79.45,71,82,7.27,broken clouds
103,Vaini,TO,-21.2,-175.2,80.91,82,22,18.7,few clouds
104,Geraldton,AU,-28.7667,114.6,93.61,31,0,18.41,clear sky
105,Vila Velha,BR,-20.3297,-40.2925,77.95,91,75,4.61,broken clouds
106,Jamestown,US,42.097,-79.2353,23.29,94,100,3.0,snow
107,Airai,TL,-8.9266,125.4092,70.57,72,100,3.71,overcast clouds
108,Port Alfred,ZA,-33.5906,26.891,70.93,93,100,11.34,overcast clouds
109,Fernie,CA,49.5,-115.0687,41.09,98,100,5.03,overcast clouds
110,Loukhi,RU,66.0764,33.0381,23.63,88,100,9.37,overcast clouds
111,Madingou,CG,-4.1536,13.55,71.26,97,100,2.8,moderate rain
112,Punta Arenas,CL,-53.15,-70.9167,41.11,60,75,13.8,broken clouds
113,Neuquen,AR,-38.9516,-68.0591,66.09,32,0,4.61,clear sky
114,Turbat,PK,26.0023,63.044,61.92,62,4,4.83,clear sky
115,Vila Franca Do Campo,PT,37.7167,-25.4333,56.19,86,49,10.8,scattered clouds
116,Kartuzy,PL,54.3342,18.1974,39.58,81,100,34.52,light rain
117,Longkou,CN,37.6508,120.3286,34.38,46,1,19.22,clear sky
118,Prachuap Khiri Khan,TH,12.2167,99.75,79.11,44,100,2.86,overcast clouds
119,Lagoa,PT,39.05,-27.9833,56.07,56,63,12.75,broken clouds
120,Cayenne,GF,4.9333,-52.3333,79.09,84,20,5.99,few clouds
121,Salalah,OM,17.0151,54.0924,73.49,73,75,3.44,broken clouds
122,Lata,PT,40.1629,-8.3327,50.81,90,21,3.6,few clouds
123,Pemangkat,ID,1.1667,108.9667,82.76,74,37,7.34,scattered clouds
124,Aklavik,CA,68.2191,-135.0107,-28.48,99,77,6.87,broken clouds
125,Constitucion,CL,-35.3333,-72.4167,54.57,88,55,7.4,broken clouds
126,Bayanday,RU,53.0661,105.5139,6.94,86,97,1.97,overcast clouds
127,Atasu,KZ,48.6814,71.6433,14.32,97,100,5.3,overcast clouds
128,Vetas,CO,7.3091,-72.8712,38.48,93,94,4.34,overcast clouds
129,Berezovyy,RU,51.6667,135.7,11.23,88,100,5.61,light snow
130,Mount Gambier,AU,-37.8333,140.7667,69.12,46,50,10.8,scattered clouds
131,Khani,GE,41.9563,42.9566,20.77,97,100,1.16,snow
132,Yuncheng,CN,35.0231,110.9928,43.0,34,0,5.08,clear sky
133,Souillac,MU,-20.5167,57.5167,80.37,83,40,3.44,scattered clouds
134,Ajaccio,FR,42.0,8.9167,42.85,87,0,11.5,clear sky
135,Saskylakh,RU,71.9167,114.0833,-22.67,92,23,15.32,few clouds
136,Pozo Colorado,PY,-23.4923,-58.7972,92.26,33,14,14.03,few clouds
137,San Quintin,MX,30.4833,-115.95,62.01,74,100,7.43,overcast clouds
138,Lebu,CL,-37.6167,-73.65,52.93,70,81,10.33,broken clouds
139,Nkowakowa,ZA,-23.8878,30.2871,62.65,93,96,2.84,light rain
140,Vestmannaeyjar,IS,63.4427,-20.2734,45.27,87,100,19.51,overcast clouds
141,High Level,CA,58.5169,-117.136,5.11,85,100,10.36,light snow
142,Solnechnyy,RU,50.7214,136.6319,8.46,86,100,8.7,overcast clouds
143,Gondar,ET,12.6,37.4667,58.69,47,69,3.09,broken clouds
144,Bengkulu,ID,-3.8004,102.2655,83.73,68,52,1.03,broken clouds
145,Izumo,JP,35.3667,132.7667,44.55,56,75,16.11,broken clouds
146,Yankton,US,42.8711,-97.3973,31.12,86,0,9.22,clear sky
147,Krasnoselkup,RU,65.7,82.4667,11.91,89,100,23.31,overcast clouds
148,Sitka,US,57.0531,-135.33,37.29,87,100,14.97,light rain
149,Muros,ES,42.7762,-9.0603,52.09,96,96,6.08,overcast clouds
150,Pangnirtung,CA,66.1451,-65.7125,-14.8,64,20,3.44,few clouds
151,Mackenzie,CA,55.2999,-123.1698,32.22,100,100,5.75,overcast clouds
152,Walvis Bay,NA,-22.9575,14.5053,68.09,88,87,3.44,overcast clouds
153,Kieta,PG,-6.2167,155.6333,83.88,76,60,2.77,moderate rain
154,Pecos,US,31.4229,-103.4932,55.87,16,0,10.36,clear sky
155,Matara,LK,5.9485,80.5353,78.13,77,100,7.94,overcast clouds
156,Port Elizabeth,ZA,-33.918,25.5701,70.11,77,75,11.5,broken clouds
157,Zyryanka,RU,65.75,150.85,-39.82,98,59,5.82,broken clouds
158,Rong Kwang,TH,18.339,100.3174,75.56,52,10,1.86,clear sky
159,Meadow Lake,US,34.8014,-106.5436,44.4,28,59,4.76,broken clouds
160,Selfoss,IS,63.9331,-20.9971,44.49,92,100,18.99,overcast clouds
161,Houston,US,29.7633,-95.3633,48.22,64,0,3.44,clear sky
162,Zhangye,CN,38.9342,100.4517,34.57,18,3,1.21,clear sky
163,Nanortalik,GL,60.1432,-45.2371,25.68,94,100,16.2,snow
164,Tongliao,CN,43.6125,122.2653,6.62,79,13,9.82,few clouds
165,Upernavik,GL,72.7868,-56.1549,-10.43,99,96,9.24,overcast clouds
166,Isangel,VU,-19.55,169.2667,86.11,66,40,6.91,scattered clouds
167,Batagay-Alyta,RU,67.8006,130.4114,-30.35,86,37,3.49,scattered clouds
168,Marawi,PH,7.9986,124.2928,71.65,73,99,6.35,overcast clouds
169,Rawson,AR,-43.3002,-65.1023,59.0,42,100,16.69,overcast clouds
170,Tagusao,PH,9.1924,117.8141,81.86,67,100,6.46,light rain
171,Bredasdorp,ZA,-34.5322,20.0403,64.09,85,1,1.68,clear sky
172,Tuktoyaktuk,CA,69.4541,-133.0374,-34.6,67,0,6.91,clear sky
173,Mahebourg,MU,-20.4081,57.7,80.26,83,40,3.44,scattered clouds
174,Ternate,ID,0.8,127.4,81.0,75,100,3.38,overcast clouds
175,Carnarvon,AU,-24.8667,113.6333,82.47,61,3,17.27,clear sky
176,Wanning,CN,18.8003,110.3967,76.32,71,13,7.34,few clouds
177,Udachnyy,RU,66.4167,112.4,-21.51,97,72,9.31,broken clouds
178,Springdale,US,36.1867,-94.1288,28.58,97,40,4.0,mist
179,Zharkent,KZ,44.1628,80.0,35.35,50,100,4.07,overcast clouds
180,Shorapur,IN,16.5167,76.75,69.87,70,62,9.71,broken clouds
181,San Cristobal,VE,7.7669,-72.225,70.02,74,100,0.96,overcast clouds
182,Dordrecht,NL,51.81,4.6736,44.02,90,63,3.0,broken clouds
183,Petropavlovsk-Kamchatskiy,RU,53.0452,158.6483,23.59,46,75,17.9,broken clouds
184,Vardo,NO,70.3705,31.1107,27.37,59,100,27.54,overcast clouds
185,San Lawrenz,MT,36.0553,14.204,52.86,86,73,1.99,broken clouds
186,Carnot,CF,4.9409,15.8665,66.56,35,75,2.98,broken clouds
187,Kaitangata,NZ,-46.2817,169.8464,68.94,82,82,6.6,broken clouds
188,Jardim,BR,-21.4803,-56.1381,78.37,48,21,5.1,few clouds
189,Lebowakgomo,ZA,-24.2,29.5,67.1,81,100,3.38,overcast clouds
190,Springfield,US,37.2153,-93.2982,28.89,92,100,7.0,overcast clouds
191,Kantang,TH,7.4054,99.5156,84.29,65,20,9.22,few clouds
192,Guerrero Negro,MX,27.9769,-114.0611,64.09,62,78,9.33,broken clouds
193,Sanger,US,36.708,-119.556,56.77,82,75,0.0,haze
194,Coihueco,CL,-36.6167,-71.8333,57.94,58,24,5.75,few clouds
195,Port Hardy,CA,50.6996,-127.4199,47.75,93,100,9.22,light intensity shower rain
196,Port Lincoln,AU,-34.7333,135.8667,68.65,60,86,14.45,overcast clouds
197,Alamosa,US,37.4695,-105.87,27.91,45,0,3.44,clear sky
198,Hithadhoo,MV,-0.6,73.0833,81.75,72,97,8.3,overcast clouds
199,Remontnoye,RU,46.5614,43.6501,24.49,97,68,7.02,broken clouds
200,Georgetown,MY,5.4112,100.3354,84.15,71,20,5.75,few clouds
201,Tezu,IN,27.9167,96.1667,67.1,27,0,1.72,clear sky
202,Murgab,TM,37.4966,61.9714,40.87,87,75,6.91,light rain
203,Kasempa,ZM,-13.4584,25.8338,62.58,96,100,3.44,overcast clouds
204,Taoudenni,ML,22.6783,-3.9836,53.64,36,94,13.38,overcast clouds
205,Camaqua,BR,-30.8511,-51.8122,73.94,91,80,5.79,broken clouds
206,Talara,PE,-4.5772,-81.2719,71.89,84,89,12.95,overcast clouds
207,Zagare,LT,56.3592,23.25,38.16,91,100,20.56,overcast clouds
208,Longyearbyen,SJ,78.2186,15.6401,10.24,52,75,12.66,broken clouds
209,Texarkana,US,33.4251,-94.0477,40.1,71,0,4.61,clear sky
210,Idritsa,RU,56.3316,28.8988,31.53,96,100,13.44,snow
211,Sarkand,KZ,45.41,79.9186,33.6,62,69,7.09,broken clouds
212,Erzin,TR,36.9559,36.2,34.32,46,0,5.59,clear sky
213,Smithers,CA,54.7804,-127.1743,32.32,100,100,2.3,mist
214,San Fernando,PH,15.0286,120.6898,86.14,48,86,14.5,overcast clouds
215,Antofagasta,CL,-23.65,-70.4,67.28,83,6,4.5,clear sky
216,Gazojak,TM,41.1875,61.4036,31.91,80,99,10.51,overcast clouds
217,Balkanabat,TM,39.5108,54.3671,36.64,86,100,5.86,overcast clouds
218,Te Anau,NZ,-45.4167,167.7167,73.36,56,51,6.24,broken clouds
219,Dikson,RU,73.5069,80.5464,7.79,91,100,21.79,overcast clouds
220,Buala,SB,-8.145,159.5921,85.93,70,64,5.1,light rain
221,Klaksvik,FO,62.2266,-6.589,36.52,90,100,10.58,overcast clouds
222,Cabo San Lucas,MX,22.8909,-109.9124,75.51,84,0,0.0,clear sky
223,Hualmay,PE,-11.0964,-77.6139,72.07,82,97,7.58,overcast clouds
224,Ilulissat,GL,69.2167,-51.1,6.82,51,20,10.36,few clouds
225,Arak,IR,34.0917,49.6892,30.43,60,1,8.46,clear sky
226,Bairiki,KI,1.3292,172.9752,86.0,74,40,11.5,scattered clouds
227,Kindu,CD,-2.95,25.95,65.28,99,100,1.14,overcast clouds
228,Provideniya,RU,64.3833,-173.3,1.51,66,0,15.66,clear sky
229,Bereda,ES,43.2686,-7.5406,45.0,97,39,0.89,scattered clouds
230,Chilca,PE,-12.5211,-76.7372,73.56,85,83,7.38,broken clouds
231,Beyneu,KZ,45.3167,55.2,26.04,90,22,9.42,few clouds
232,Shellbrook,CA,53.2168,-106.4011,25.83,95,100,4.72,overcast clouds
233,Emerald,AU,-23.5333,148.1667,97.34,43,61,6.44,broken clouds
234,Cockburn Town,TC,21.4612,-71.1419,78.53,77,3,16.51,clear sky
235,Gurlan,UZ,41.8447,60.3919,28.47,71,85,7.14,overcast clouds
236,Celestun,MX,20.8667,-90.4,70.56,53,95,10.18,overcast clouds
237,Launceston,AU,-41.45,147.1667,80.24,51,2,7.0,clear sky
238,Muravlenko,RU,63.7898,74.523,17.29,94,100,18.41,light snow
239,Bourail,NC,-21.5667,165.4833,83.28,61,92,7.07,light rain
240,Luderitz,NA,-26.6481,15.1594,67.6,84,13,8.57,few clouds
241,Forrest City,US,35.0081,-90.7898,35.46,92,9,7.49,clear sky
242,Fundacion,CO,10.5207,-74.185,80.26,84,69,3.78,broken clouds
243,Katsuura,JP,35.1333,140.3,50.04,47,90,2.62,overcast clouds
244,Aksarka,RU,66.5606,67.7975,-4.94,100,100,7.36,overcast clouds
245,Kungurtug,RU,50.5994,97.5228,9.18,84,100,0.49,overcast clouds
246,Tura,IN,25.5198,90.2201,66.06,46,0,1.41,clear sky
247,Laguna,US,38.421,-121.4238,56.25,87,0,0.0,clear sky
248,Tilichiki,RU,60.4667,166.1,-17.28,88,5,10.47,clear sky
249,Nishihara,JP,26.1842,127.7558,60.46,94,75,14.97,broken clouds
250,Urumqi,CN,43.801,87.6005,11.35,79,10,4.47,mist
251,Athabasca,CA,54.7169,-113.2854,28.22,95,100,4.34,overcast clouds
252,Kahului,US,20.8947,-156.47,81.66,76,0,6.91,clear sky
253,Huinan,CN,42.6225,126.2614,10.47,88,100,8.25,light snow
254,Vao,NC,-22.6667,167.4833,76.41,71,25,19.17,scattered clouds
255,Bardiyah,LY,31.7561,25.0865,51.55,57,14,13.09,few clouds
256,Namibe,AO,-15.1961,12.1522,66.63,81,17,3.94,few clouds
257,Rudsar,IR,37.1376,50.288,40.98,98,100,8.99,overcast clouds
258,Goroka,PG,-6.0834,145.3873,71.53,85,85,0.85,overcast clouds
259,Talnakh,RU,69.4865,88.3972,6.66,91,99,11.86,overcast clouds
260,Taree,AU,-31.9,152.4667,92.07,50,97,7.34,overcast clouds
261,Ayorou,NE,14.7308,0.9174,62.51,18,41,12.59,scattered clouds
262,Nelson Bay,AU,-32.7167,152.15,90.77,74,91,12.5,overcast clouds
263,Jumla,NP,29.2747,82.1838,44.85,25,31,3.42,scattered clouds
264,Avarua,CK,-21.2078,-159.775,80.65,74,75,39.12,broken clouds
265,Ilhabela,BR,-23.7781,-45.3581,75.36,89,98,5.01,overcast clouds
266,Pingliang,CN,35.5392,106.6861,34.36,34,0,5.5,clear sky
267,Kavieng,PG,-2.5744,150.7967,82.9,73,96,1.12,light rain
268,Opuwo,NA,-18.0607,13.84,60.04,62,25,2.46,scattered clouds
269,Urengoy,RU,65.9667,78.3667,13.8,92,100,20.89,overcast clouds
270,Liverpool,GB,53.4106,-2.9779,46.35,83,100,5.01,overcast clouds
271,Pangai,TO,-19.8,-174.35,82.4,79,26,11.63,light rain
272,Kerman,IR,30.2832,57.0788,46.26,57,20,9.22,few clouds
273,Balaka,MW,-14.9793,34.9558,65.07,90,93,1.83,overcast clouds
274,Dengzhou,CN,37.8086,120.7508,34.66,42,2,21.07,clear sky
275,Kalianget,ID,-7.05,113.9333,81.55,79,100,8.88,overcast clouds
276,Umm Bab,QA,25.2142,50.8072,65.88,73,35,8.1,scattered clouds
277,Primorsk,UA,46.7348,36.3443,31.55,77,12,11.63,few clouds
278,Hay River,CA,60.8156,-115.7999,-5.82,77,100,5.75,light snow
279,Saint Anthony,US,45.0205,-93.218,28.54,81,100,0.0,overcast clouds
280,Wolsztyn,PL,52.1155,16.1171,43.38,100,100,8.01,overcast clouds
281,Gore,NZ,-46.1028,168.9436,79.16,35,59,3.24,broken clouds
282,Xichang,CN,27.8964,102.2634,42.4,82,100,3.04,overcast clouds
283,Lima,PE,-12.0432,-77.0282,71.85,78,20,17.27,few clouds
284,Keetmanshoop,NA,-26.5833,18.1333,72.46,64,95,8.43,overcast clouds
285,Langsa,ID,4.4683,97.9683,84.2,69,71,2.44,light rain
286,Nalut,LY,30.3333,10.85,46.44,69,94,6.24,overcast clouds
287,Dahegam,IN,23.1667,72.8167,55.17,51,0,8.41,clear sky
288,Lamesa,US,32.7376,-101.951,49.26,21,0,8.99,clear sky
289,Torbay,CA,47.6666,-52.7314,20.75,79,20,14.97,few clouds
290,Havre-Saint-Pierre,CA,50.2334,-63.5986,18.19,66,20,11.5,few clouds
291,Comodoro Rivadavia,AR,-45.8667,-67.5,51.66,54,40,20.71,scattered clouds
292,Sterling,US,39.0062,-77.4286,39.69,95,100,5.99,heavy intensity rain
293,Ketrzyn,PL,54.0768,21.3753,38.1,78,100,26.98,overcast clouds
294,Goure,NE,13.9835,10.2704,59.02,28,2,14.36,clear sky
295,Lasa,IT,46.6166,10.7002,34.54,77,13,7.0,few clouds
296,Saquarema,BR,-22.92,-42.5103,73.09,93,100,9.33,overcast clouds
297,Gizo,SB,-8.103,156.8419,83.73,73,100,7.47,light rain
298,Bendigo,AU,-36.7667,144.2833,82.63,39,98,7.76,overcast clouds
299,Ketchikan,US,55.3422,-131.6461,39.18,100,100,5.75,mist
300,Komsomolskiy,UZ,40.4272,71.7189,41.72,60,75,4.61,haze
301,Ishigaki,JP,24.3448,124.1572,71.73,78,75,4.61,broken clouds
302,Pardi,IN,20.5167,72.95,67.78,55,1,5.23,clear sky
303,Faanui,PF,-16.4833,-151.75,78.33,85,100,10.38,moderate rain
304,Ratnagiri,IN,16.9833,73.3,75.9,56,75,6.85,broken clouds
305,Arlit,NE,18.7369,7.3853,52.81,22,67,10.45,broken clouds
306,Half Moon Bay,US,37.4636,-122.4286,61.25,72,100,0.0,overcast clouds
307,Byron Bay,AU,-28.65,153.6167,89.71,74,71,12.12,broken clouds
308,Baoning,CN,25.3378,110.026,48.06,93,100,4.47,light rain
309,Oktyabrskoye,RU,43.0645,44.7417,19.54,100,27,4.47,scattered clouds
310,Hambantota,LK,6.1241,81.1185,79.74,75,89,15.5,overcast clouds
311,Plock,PL,52.5468,19.7064,37.36,89,100,22.82,overcast clouds
312,Svetlogorsk,BY,52.6333,29.7333,29.21,94,100,17.07,light snow
313,Egvekinot,RU,66.3167,-179.1667,-16.37,85,5,9.62,clear sky
314,Clyde River,CA,70.4692,-68.5914,-14.57,70,0,3.44,clear sky
315,Aloleng,PH,16.1307,119.7824,81.5,52,69,9.6,broken clouds
316,Akyab,MM,20.15,92.9,70.45,60,0,6.35,clear sky
317,Norman Wells,CA,65.282,-126.8329,-38.16,60,20,2.3,few clouds
318,Riyadh,SA,24.6877,46.7219,51.94,36,0,2.21,clear sky
319,Baruun-Urt,MN,46.6806,113.2792,0.81,74,74,4.45,broken clouds
320,Bouca,CF,6.5105,18.2733,66.83,28,67,4.21,broken clouds
321,Saint Pete Beach,US,27.7253,-82.7412,64.17,67,100,1.01,overcast clouds
322,Yangambi,CD,0.8102,24.4336,68.45,95,100,1.19,overcast clouds
323,Jacareacanga,BR,-6.2222,-57.7528,72.12,98,99,1.12,overcast clouds
324,Wynyard,AU,-41.0,145.7167,74.98,46,0,13.51,clear sky
325,Vengerovo,RU,55.6848,76.7471,17.46,81,90,20.76,overcast clouds
326,Verkhovye,RU,52.8119,37.2425,17.2,94,90,14.74,overcast clouds
327,Touros,BR,-5.1989,-35.4608,77.9,76,41,11.41,scattered clouds
328,Dali,CN,25.7,100.1833,48.47,66,0,2.21,clear sky
329,Petawawa,CA,45.9001,-77.3328,4.78,65,97,3.0,overcast clouds
330,Adrar,MR,20.5022,-10.0711,57.25,17,74,10.13,broken clouds
331,Palmares Do Sul,BR,-30.2578,-50.5097,76.24,88,100,3.65,overcast clouds
332,Hays,US,30.0502,-98.0336,52.29,35,0,5.5,clear sky
333,Barra,BR,-11.0894,-43.1417,76.53,67,94,4.43,overcast clouds
334,Nuuk,GL,64.1835,-51.7216,13.87,92,100,8.99,overcast clouds
335,Kozhanka,UA,49.9793,29.7381,29.86,71,100,16.22,light snow
336,Saint-Joseph,RE,-21.3667,55.6167,81.1,81,61,2.51,broken clouds
337,Kangundo,KE,-1.2979,37.3471,60.42,94,100,2.98,moderate rain
338,Picos,BR,-7.0769,-41.4669,72.1,85,90,3.36,overcast clouds
339,Macapa,BR,0.0389,-51.0664,76.98,94,75,2.3,broken clouds
340,Manhattan,US,40.7834,-73.9662,43.18,91,100,10.36,snow
341,Dingle,PH,10.9995,122.6711,79.27,75,92,17.65,overcast clouds
342,Faya,SA,18.3851,42.4509,53.71,85,24,5.03,few clouds
343,Jalu,LY,29.0331,21.5482,49.62,59,14,9.64,few clouds
344,Ziro,IN,27.6333,93.8333,41.74,38,0,2.42,clear sky
345,Boksitogorsk,RU,59.474,33.8485,32.16,96,100,10.33,light snow
346,Katangli,RU,51.7102,143.2326,13.86,93,100,15.84,overcast clouds
347,Pevek,RU,69.7008,170.3133,-25.92,98,26,1.01,scattered clouds
348,Namie,JP,37.4833,141.0,46.96,52,7,15.32,clear sky
349,Zhigansk,RU,66.7697,123.3711,-48.46,100,72,4.72,broken clouds
350,La Ronge,CA,55.1001,-105.2842,3.45,72,100,9.22,overcast clouds
351,Dabakala,CI,8.3667,-4.4333,75.4,21,61,5.35,broken clouds
352,Cervo,ES,43.6702,-7.4101,49.71,78,36,5.97,scattered clouds
353,Grand-Santi,GF,4.25,-54.3833,71.46,100,90,1.79,overcast clouds
354,Lazaro Cardenas,MX,17.9583,-102.2,75.72,81,0,2.51,clear sky
355,Khartoum,SD,15.5518,32.5324,62.02,27,0,3.0,clear sky
356,Lages,BR,-27.8161,-50.3261,64.74,98,100,2.08,overcast clouds
357,Campoverde,PE,-8.4753,-74.8058,80.29,71,32,1.88,scattered clouds
358,Port Hedland,AU,-20.3167,118.5667,87.85,62,100,12.66,overcast clouds
359,Nchelenge,ZM,-9.3451,28.734,68.72,91,100,5.99,light rain
360,Mamallapuram,IN,12.6264,80.1722,75.25,72,69,9.33,broken clouds
361,Tuatapere,NZ,-46.1333,167.6833,75.25,51,42,3.11,scattered clouds
362,Dire,ML,12.2833,-10.9667,76.15,23,91,2.71,overcast clouds
363,Sorland,NO,67.667,12.6934,36.3,61,100,33.11,overcast clouds
364,Bathsheba,BB,13.2167,-59.5167,77.61,69,40,13.8,scattered clouds
365,Teknaf,BD,20.8624,92.3058,68.76,53,0,4.99,clear sky
366,Warwick,US,41.7001,-71.4162,37.94,79,100,6.91,overcast clouds
367,Cowra,AU,-33.8333,148.6833,91.27,36,100,10.11,overcast clouds
368,Gazanjyk,TM,39.2446,55.5154,37.02,63,94,12.01,overcast clouds
369,Ulaangom,MN,49.9811,92.0667,-10.17,95,98,1.52,overcast clouds
370,Rio Cuarto,AR,-33.1307,-64.3499,64.83,82,1,1.95,light rain
371,Quatre Cocos,MU,-20.2078,57.7625,80.1,80,82,5.44,light rain
372,Inverell,AU,-29.7833,151.1167,94.66,45,73,4.0,broken clouds
373,Carahue,CL,-38.7,-73.1667,52.0,77,100,2.66,overcast clouds
374,Pyay,MM,18.8167,95.2167,74.91,58,0,10.02,clear sky
375,Dingli,MT,35.8614,14.3822,51.82,93,0,6.91,clear sky
376,Moussoro,TD,13.6408,16.4901,61.07,29,5,10.94,clear sky
377,Juneau,US,58.3019,-134.4197,37.85,95,100,4.61,light rain
378,Irbit,RU,57.6705,63.071,3.15,92,100,9.13,overcast clouds
379,Ziway,ET,7.9333,38.7167,66.69,65,76,12.28,broken clouds
380,Tobermory,CA,45.2501,-81.6665,23.43,64,98,8.03,overcast clouds
381,Torata,PE,-17.0769,-70.8433,56.86,89,100,2.51,overcast clouds
382,Santa Marta,CO,11.2408,-74.199,81.9,69,20,10.0,few clouds
383,Linjiang,CN,41.8069,126.9078,11.7,80,100,2.84,overcast clouds
384,Mao,ES,39.8885,4.2658,43.36,75,0,6.91,clear sky
385,Hudiksvall,SE,61.729,17.1036,28.99,69,24,17.2,few clouds
386,Deneysville,ZA,-26.8908,28.0971,60.01,92,86,3.94,overcast clouds
387,Nicoya,CR,10.1483,-85.452,74.75,83,37,2.77,scattered clouds
388,Portel,BR,-1.9356,-50.8211,73.69,92,100,3.47,overcast clouds
389,Siwan,IN,26.2167,84.3667,52.47,66,2,7.56,clear sky
390,Yuanping,CN,38.7153,112.7575,27.77,34,0,3.87,clear sky
391,Yunhe,CN,34.0833,119.7167,42.89,52,67,2.06,broken clouds
392,Salinas,US,36.6777,-121.6555,62.38,62,75,4.61,broken clouds
393,Kawalu,ID,-7.3817,108.2082,86.45,63,15,1.72,few clouds
394,Mendeleyevo,RU,56.0333,37.2167,24.48,86,75,15.66,snow
395,Batemans Bay,AU,-35.7167,150.1833,90.99,62,100,9.17,light rain
396,Big Spring,US,32.2504,-101.4787,53.11,21,0,1.99,clear sky
397,Omis,HR,43.4447,16.6886,42.73,71,0,4.92,clear sky
398,Casablanca,MA,33.5928,-7.6192,59.32,77,32,8.01,scattered clouds
399,Mar Del Plata,AR,-38.0023,-57.5575,68.09,73,100,5.01,overcast clouds
400,Salinopolis,BR,-0.6136,-47.3561,78.03,86,92,7.85,overcast clouds
401,Orlik,RU,52.5178,99.825,11.21,81,100,2.42,overcast clouds
402,Pyapon,MM,16.2833,95.6833,79.61,58,12,8.37,few clouds
403,Anadyr,RU,64.75,177.4833,-23.3,76,0,6.71,clear sky
404,Sindor,RU,62.8629,51.8905,-1.16,100,100,6.73,overcast clouds
405,Assiniboia,CA,49.6334,-105.9845,26.51,74,89,11.5,overcast clouds
406,Constantine,DZ,36.365,6.6147,33.21,93,0,1.14,clear sky
407,Alampur,IN,15.8833,78.15,72.82,69,89,8.21,overcast clouds
408,Pailon,BO,-17.65,-62.75,79.7,64,9,11.43,clear sky
409,Sarahan,IN,31.5167,77.8,37.24,49,92,10.02,overcast clouds
410,Mingshui,CN,36.7167,117.5,36.36,32,0,5.32,clear sky
411,Husavik,IS,66.0449,-17.3389,49.91,91,100,12.37,overcast clouds
412,Yakeshi,CN,49.2833,120.7333,-18.63,98,97,3.38,overcast clouds
413,Kalmunai,LK,7.4167,81.8167,80.24,76,100,9.44,overcast clouds
414,Kabinda,CD,-6.1333,24.4833,65.32,97,100,2.44,overcast clouds
415,Gubkinskiy,RU,64.434,76.5026,16.92,94,100,23.96,snow
416,Shiyan,CN,32.6475,110.7781,57.42,49,72,1.1,broken clouds
417,Karasburg,NA,-28.0167,18.75,69.04,69,0,9.8,clear sky
418,Carballo,ES,43.213,-8.691,51.01,90,58,3.18,broken clouds
419,Ellensburg,US,46.9965,-120.5479,32.02,91,100,0.0,overcast clouds
420,Kruisfontein,ZA,-34.0033,24.7314,67.89,93,67,4.05,broken clouds
421,Maryville,US,35.7565,-83.9705,35.11,94,100,3.0,light snow
422,Fonte Boa,BR,-2.4959,-66.2662,74.17,95,100,2.15,moderate rain
423,Saint-Georges,GD,12.0564,-61.7485,78.71,70,100,15.9,overcast clouds
424,Shache,CN,38.4167,77.2406,31.71,48,55,0.85,broken clouds
425,Biak,ID,-0.9131,122.8766,78.71,79,100,5.68,light rain
426,South Venice,US,27.0531,-82.4243,66.22,68,100,23.02,haze
427,George,ZA,-33.963,22.4617,65.75,88,75,3.44,broken clouds
428,Saint-Francois,FR,46.4154,3.9054,30.47,96,100,4.61,mist
429,Mpika,ZM,-11.8343,31.4529,61.43,99,100,4.29,light rain
430,Graaff-Reinet,ZA,-32.2522,24.5308,65.91,90,99,4.05,overcast clouds
431,Magadan,RU,59.5667,150.8,5.83,70,100,8.59,overcast clouds
432,Belyy Yar,RU,53.6039,91.3903,12.09,87,98,4.47,mist
433,Murygino,RU,58.7383,49.4582,14.61,94,100,9.33,light snow
434,Meulaboh,ID,4.1363,96.1285,81.64,74,34,1.36,scattered clouds
435,Nome,US,64.5011,-165.4064,8.67,78,100,3.44,overcast clouds
436,Sept-Iles,CA,50.2001,-66.3821,7.32,66,75,1.01,broken clouds
437,Saint-Pierre,RE,-21.3393,55.4781,82.18,76,0,5.75,clear sky
438,Mayo,US,38.8876,-76.5119,48.25,97,100,1.01,moderate rain
439,Springbok,ZA,-29.6643,17.8865,63.18,79,0,2.66,clear sky
440,Asyut,EG,27.181,31.1837,53.44,63,100,8.5,overcast clouds
441,Pundaguitan,PH,6.3711,126.1689,79.57,81,100,17.38,overcast clouds
442,Terrace,CA,54.5163,-128.6035,37.31,100,100,8.05,light rain
443,Banfora,BF,10.6333,-4.7667,73.35,17,36,5.7,scattered clouds
444,Kolpashevo,RU,58.3131,82.9089,31.42,78,100,17.2,overcast clouds
445,Aktas,KZ,49.7789,72.9608,17.35,93,100,8.79,overcast clouds
446,Iqaluit,CA,63.7506,-68.5145,-23.31,67,40,3.0,scattered clouds
447,Ngaoundere,CM,7.3167,13.5833,61.9,28,92,4.03,overcast clouds
448,Dawan,CN,24.34,112.948,52.97,86,100,4.68,overcast clouds
449,Sambava,MG,-14.2667,50.1667,74.01,82,45,3.91,scattered clouds
450,Piacabucu,BR,-10.4056,-36.4344,77.77,74,15,7.94,few clouds
451,Buta,CD,2.7858,24.73,68.72,98,100,0.87,overcast clouds
452,Brufut,GM,13.3814,-16.7518,71.69,94,0,6.91,clear sky
453,Tucurui,BR,-3.7661,-49.6725,73.02,95,98,3.27,overcast clouds
454,Cumpas,MX,29.9833,-109.7833,62.85,34,88,2.24,overcast clouds
455,Aasiaat,GL,68.7098,-52.8699,-12.8,99,90,5.97,overcast clouds
456,Narsaq,GL,60.9167,-46.05,34.02,90,100,6.53,light snow
457,Waipawa,NZ,-41.4122,175.5153,72.93,60,17,9.89,few clouds
458,Nyurba,RU,63.2842,118.3319,-39.19,100,73,1.3,broken clouds
459,Shingu,JP,33.7333,135.9833,49.19,41,99,13.62,overcast clouds
460,Chhatarpur,IN,24.9,79.6,50.02,61,0,2.77,clear sky
461,Galveston,US,29.3669,-94.9669,51.96,71,0,3.44,clear sky
462,Morant Bay,JM,17.8815,-76.4093,78.42,82,8,0.94,clear sky
463,Falkensee,DE,52.5667,13.0833,44.11,85,100,20.36,overcast clouds
464,Haverfordwest,GB,51.8017,-4.9691,41.56,83,1,5.57,clear sky
465,Nuevo Progreso,MX,23.1667,-97.95,56.59,48,3,4.54,clear sky
466,Charters Towers,AU,-20.1,146.2667,100.76,26,99,3.6,overcast clouds
467,Palora,EC,-1.7,-77.9333,64.04,97,91,2.95,overcast clouds
468,Cortez,US,37.3489,-108.5859,37.42,80,0,9.22,clear sky
469,Xuddur,SO,4.1213,43.8894,68.56,85,28,13.42,scattered clouds
470,Atar,MR,20.5169,-13.0499,66.25,18,91,11.7,overcast clouds
471,Gat,IL,31.61,34.7642,45.39,100,5,5.41,clear sky
472,Oron,NG,4.8256,8.2343,78.1,83,100,2.89,overcast clouds
473,Madison,US,34.7334,-86.5667,34.52,91,100,1.01,overcast clouds
474,Axim,GH,4.8699,-2.2405,78.21,83,31,3.27,scattered clouds
475,Bogovarovo,RU,58.9785,47.0246,18.91,93,100,10.2,light snow
476,Lindi,TZ,-10.0,39.7167,73.27,95,100,3.11,light rain
477,Puno,PE,-15.8333,-70.0333,42.8,83,100,4.81,overcast clouds
478,Santa Maria Do Suacui,BR,-18.1903,-42.4142,67.26,96,100,1.19,overcast clouds
479,Turinsk,RU,58.0458,63.696,2.75,92,100,10.4,overcast clouds
480,Grants,US,35.1473,-107.8514,25.03,54,0,6.91,clear sky
481,Sola,VU,-13.8833,167.55,79.47,94,100,0.0,overcast clouds
482,Bosaso,SO,11.2842,49.1816,71.08,77,50,4.7,scattered clouds
483,Kyaikto,MM,17.3,97.0167,77.14,68,4,2.24,clear sky
484,Ostrovnoy,RU,68.0531,39.5131,27.73,87,100,16.51,overcast clouds
485,Luanda,AO,-8.8368,13.2343,75.2,83,20,4.61,few clouds
486,Kirkenaer,NO,60.4564,12.0582,31.44,48,44,16.37,scattered clouds
487,Tolentino,IT,43.2126,13.2901,44.82,72,0,4.32,clear sky
488,Maniitsoq,GL,65.4167,-52.9,13.62,87,100,13.82,light snow
489,Trincomalee,LK,8.5711,81.2335,80.49,74,99,14.07,overcast clouds
490,Pronsk,RU,54.1048,39.6092,18.21,92,79,15.01,broken clouds
491,Tigzirt,DZ,36.8886,4.1198,47.21,71,0,4.34,clear sky
492,Cap Malheureux,MU,-19.9842,57.6142,80.47,86,83,5.66,broken clouds
493,Lufilufi,WS,-13.8745,-171.5986,89.38,74,100,8.3,light rain
494,Businga,CD,3.3333,20.8833,68.34,94,94,2.04,overcast clouds
495,Jocon,HN,15.2833,-86.9667,61.5,99,83,1.63,broken clouds
496,Bartica,GY,6.4,-58.6167,75.52,99,56,2.13,light rain
497,Simbahan,PH,6.3032,120.5836,80.56,80,100,20.56,light rain
498,Kimbe,PG,-5.5502,150.1429,86.65,68,93,5.41,light rain
499,Naifaru,MV,5.4444,73.3657,82.65,72,37,19.35,scattered clouds
500,Treinta Y Tres,UY,-33.2333,-54.3833,73.69,88,84,6.69,broken clouds
501,Tuxpan,MX,19.55,-103.4,62.37,97,76,3.94,broken clouds
502,Auki,SB,-8.7676,160.7034,85.28,72,33,6.98,scattered clouds
503,Shwebo,MM,22.5667,95.7,67.91,68,0,6.4,clear sky
504,Wanganui,NZ,-39.9333,175.05,79.74,65,0,18.01,clear sky
505,Genhe,CN,50.7833,121.5167,-8.05,81,7,2.17,clear sky
506,Moundou,TD,8.5667,16.0833,69.01,24,99,5.01,overcast clouds
507,Bar Harbor,US,44.3876,-68.2039,29.01,68,40,1.01,scattered clouds
508,Margate,GB,51.3813,1.3862,39.31,87,14,3.0,few clouds
509,San Andres,CO,12.5847,-81.7006,80.62,74,40,6.91,scattered clouds
510,Cururupu,BR,-1.8283,-44.8683,73.47,96,48,1.95,scattered clouds
511,Vikulovo,RU,56.8167,70.6107,8.42,87,100,23.87,overcast clouds
512,Finschhafen,PG,-6.6024,147.8681,83.75,77,53,2.73,broken clouds
513,Padilla,CO,3.2204,-76.3139,72.97,91,98,2.35,overcast clouds
514,Goderich,CA,43.7501,-81.7165,19.04,73,70,6.91,broken clouds
515,Tazovskiy,RU,67.4667,78.7,10.63,94,100,17.72,overcast clouds
516,Bonthe,SL,7.5264,-12.505,78.21,85,45,1.9,scattered clouds
517,Sao Filipe,CV,14.8961,-24.4956,71.29,70,0,4.97,clear sky
518,Samarai,PG,-10.6167,150.6667,84.18,73,94,12.37,overcast clouds
519,Tambun,ID,-6.2641,107.0712,84.24,79,40,5.75,haze
520,Baykit,RU,61.67,96.37,-12.3,100,91,3.27,overcast clouds
521,Los Llanos De Aridane,ES,28.6585,-17.9182,65.12,66,20,11.01,haze
522,Skjervoy,NO,70.0311,20.9714,27.27,79,100,25.61,light snow
523,Ambilobe,MG,-13.2,49.05,75.65,93,100,1.92,overcast clouds
524,Kandrian,PG,-6.2167,149.55,87.87,63,83,6.8,light rain
525,Makakilo City,US,21.3469,-158.0858,77.32,63,0,5.75,clear sky
526,Medea,DZ,36.2642,2.7539,25.25,80,5,3.0,clear sky
527,Bani Walid,LY,31.7566,13.9942,50.92,75,88,12.1,overcast clouds
528,Ixtapa,MX,20.7,-105.2,74.23,88,40,0.0,scattered clouds
529,Bombay,IN,19.0144,72.8479,75.18,69,7,4.61,haze
530,Codo,BR,-4.4553,-43.8856,71.96,99,72,3.06,broken clouds
531,Balkhash,KZ,46.844,74.9804,32.61,86,75,11.18,light snow
532,Coihaique,CL,-45.5752,-72.0662,39.15,81,0,4.61,clear sky
533,Puri,IN,19.8,85.85,64.92,64,2,10.33,clear sky
534,Padang,ID,-0.9492,100.3543,86.05,69,23,2.35,few clouds
535,Kaduqli,SD,11.0167,29.7167,69.8,23,36,11.39,scattered clouds
536,Morro Bay,US,35.3658,-120.8499,62.2,68,76,3.53,broken clouds
537,La Palma,US,33.8464,-118.0467,70.03,66,75,1.99,broken clouds
538,Ligayan,PH,4.6533,119.4706,80.04,82,100,16.37,overcast clouds
539,Tateyama,JP,34.9833,139.8667,53.87,53,89,8.25,overcast clouds
540,Zelenogorskiy,RU,55.0333,87.0,36.12,95,100,8.43,overcast clouds
541,Chifeng,CN,42.2683,118.9636,14.95,34,0,13.73,clear sky
542,Denpasar,ID,-8.65,115.2167,82.76,75,99,1.03,overcast clouds
543,Valparaiso,CL,-33.0393,-71.6273,62.24,67,100,6.91,overcast clouds
544,Rocha,UY,-34.4833,-54.3333,73.31,94,71,8.19,broken clouds
545,Richards Bay,ZA,-28.783,32.0377,72.46,90,100,7.87,light rain
546,Markova,UA,48.6758,24.4138,25.21,77,96,8.12,overcast clouds
547,Abilene,US,32.4487,-99.7331,54.09,27,0,5.75,clear sky
548,Daru,PG,-9.0763,143.2092,82.72,80,100,5.88,overcast clouds
549,Sungairaya,ID,0.7,108.9,85.42,66,42,6.51,scattered clouds
550,Shubarshi,KZ,48.5872,57.1869,20.53,95,95,12.28,overcast clouds
551,Kysyl-Syr,RU,63.8986,122.7617,-37.12,99,67,2.15,broken clouds
552,Xianshuigu,CN,38.985,117.3828,37.4,20,0,11.18,clear sky
553,Sriperumbudur,IN,12.9689,79.9489,74.88,73,67,8.16,broken clouds
554,Ouadda,CF,8.0777,22.4007,68.43,27,43,5.12,scattered clouds
555,Birin,NP,26.8865,88.0718,52.03,57,52,2.59,broken clouds
556,Padre Bernardo,BR,-15.35,-48.5,68.67,81,93,1.28,overcast clouds
557,Sorong,ID,-0.8833,131.25,77.58,84,100,6.22,overcast clouds
558,Sao Joao Da Barra,BR,-21.6403,-41.0511,75.92,85,14,13.49,few clouds
559,Black Forest,US,39.0131,-104.7008,38.37,50,0,1.01,clear sky
560,Lompoc,US,34.6391,-120.4579,62.56,74,100,0.0,overcast clouds
561,Sovetskaya Gavan,RU,48.9723,140.2878,19.53,83,100,12.24,overcast clouds
562,Grindavik,IS,63.8424,-22.4338,43.27,100,100,28.77,overcast clouds
563,Gunjur,GM,13.2019,-16.7339,71.67,94,0,6.91,clear sky
564,Vanavara,RU,60.34,102.2797,-8.73,99,24,3.78,few clouds
565,Porterville,US,36.0652,-119.0168,55.67,76,100,1.59,overcast clouds
566,Flin Flon,CA,54.7682,-101.865,-9.22,100,83,4.76,broken clouds
567,Laurel,US,39.0993,-76.8483,40.95,96,100,5.01,moderate rain
568,Serro,BR,-18.6047,-43.3794,65.05,96,99,1.32,overcast clouds
569,Lascahobas,HT,18.8294,-71.9364,73.04,78,24,2.51,few clouds
570,Krasnovishersk,RU,60.4078,57.082,-10.64,100,100,2.95,overcast clouds
571,Requena,ES,39.4883,-1.1004,34.72,57,1,3.2,clear sky
572,Santa Rosa,PH,14.3122,121.1114,86.11,56,77,17.25,broken clouds
573,Leningradskiy,RU,69.3833,178.4167,-25.92,95,22,4.52,few clouds
574,Mount Isa,AU,-20.7333,139.5,103.77,24,100,10.36,overcast clouds
575,Prince Rupert,CA,54.3161,-130.3201,44.69,93,100,8.05,light rain
576,North Bend,US,43.4065,-124.2243,44.85,98,22,3.33,few clouds
577,Mwanza,TZ,-2.5167,32.9,65.46,85,100,4.36,overcast clouds
578,Iskateley,RU,67.6803,53.1512,-1.1,97,100,11.52,overcast clouds
579,Ciudad Bolivar,VE,8.1222,-63.5497,76.23,82,8,11.65,clear sky
580,Yerbogachen,RU,61.2767,108.0108,-16.74,96,29,4.99,scattered clouds
581,Alta Floresta,BR,-9.8756,-56.0861,70.57,95,9,3.42,clear sky
582,Hami,CN,42.8,93.45,27.43,44,0,0.69,clear sky
583,Baturaja,ID,-4.1333,104.1667,84.18,71,78,3.31,broken clouds
584,Pochutla,MX,15.7432,-96.4661,76.05,82,1,3.53,clear sky
585,Zhicheng,CN,30.2956,111.5047,52.27,46,100,2.91,overcast clouds
586,Palmer,US,42.1584,-72.3287,27.95,66,100,1.01,overcast clouds
587,Gamba,GA,-2.65,10.0,74.73,91,87,2.21,light rain
588,Poronaysk,RU,49.2167,143.1167,22.71,83,70,12.26,broken clouds
589,Porto Nacional,BR,-10.7081,-48.4172,77.0,83,55,1.57,broken clouds
590,Fenoarivo,MG,-18.933,47.4354,66.27,100,75,2.3,light rain
591,Omboue,GA,-1.5746,9.2618,74.84,92,79,5.14,moderate rain
592,Matao,BR,-21.6033,-48.3658,67.23,90,86,0.31,overcast clouds
593,Fandriana,MG,-20.2333,47.3833,62.31,95,100,2.26,overcast clouds
594,Mukhen,RU,48.1,136.1,7.54,90,100,3.31,light snow
595,Sinnamary,GF,5.3833,-52.95,77.31,83,100,10.16,overcast clouds
596,Pozzallo,IT,36.7305,14.8499,51.21,69,0,6.29,clear sky
597,Harper,LR,4.375,-7.7169,78.06,86,10,5.55,clear sky
598,Lorengau,PG,-2.0226,147.2712,84.65,70,63,4.76,broken clouds
599,Berwick,US,41.0545,-76.2333,32.38,81,100,1.01,snow
600,Flinders,AU,-34.5833,150.8552,88.81,72,100,4.0,overcast clouds
601,Marrakesh,MA,31.6315,-8.0083,50.07,43,0,1.14,clear sky
602,Guanare,VE,9.0418,-69.7421,80.62,65,23,3.44,few clouds
603,Ngunguru,NZ,-35.6167,174.5,83.16,49,0,5.44,clear sky
604,Port-Cartier,CA,50.0334,-66.8654,7.02,86,92,7.2,overcast clouds
605,Vieux-Habitants,GP,16.0589,-61.7659,72.72,68,11,11.54,few clouds
606,San Policarpo,PH,12.1791,125.5072,79.93,72,49,17.54,scattered clouds
607,Wakkanai,JP,45.4094,141.6739,30.18,86,75,17.27,broken clouds
608,Araouane,ML,18.9048,-3.5265,54.36,25,57,12.62,broken clouds
609,Port Blair,IN,11.6667,92.75,81.93,61,97,13.65,overcast clouds
610,Sawakin,SD,19.1059,37.3321,68.67,59,74,10.78,broken clouds
611,San Pedro,PH,14.35,121.0167,85.35,53,20,4.61,few clouds
612,Codrington,AU,-38.2667,141.9667,66.51,56,92,15.77,overcast clouds
613,Vuktyl,RU,63.8567,57.3094,-8.21,100,91,3.42,overcast clouds
614,Semporna,MY,4.4818,118.6112,86.2,89,99,6.53,overcast clouds
615,Palana,RU,59.1167,159.9667,3.04,83,4,7.67,clear sky
616,Nsanje,MW,-16.92,35.262,70.68,98,100,2.73,overcast clouds
617,Visnes,NO,59.3556,5.2242,39.81,70,100,32.21,overcast clouds
618,Ende,ID,-8.8432,121.6623,84.87,72,100,1.48,overcast clouds
619,Turkistan,KZ,43.0,68.0,36.01,79,100,4.99,overcast clouds
620,Ouallam,NE,14.3188,2.0866,62.1,18,10,12.3,clear sky
621,Puerto Quijarro,BO,-17.7833,-57.7667,76.23,72,32,2.51,scattered clouds
622,Frontera,MX,26.9333,-101.45,60.33,19,76,3.0,broken clouds
623,Oxford,GB,51.7522,-1.256,37.99,94,2,3.44,clear sky
624,Bismarck,US,46.8083,-100.7837,28.87,94,0,0.0,clear sky
625,Dudinka,RU,69.4058,86.1778,10.76,87,99,20.22,overcast clouds
626,Broome,US,42.2506,-75.833,27.19,85,100,1.99,fog
627,Phrae,TH,18.0833,100.0,76.86,67,40,8.05,scattered clouds
628,Tumut,AU,-35.3,148.2167,76.39,62,100,5.21,light rain
629,Japaratuba,BR,-10.5933,-36.9403,79.88,83,55,4.38,broken clouds
630,Seoul,KR,37.5683,126.9778,31.57,37,0,5.75,clear sky
631,Pereira Barreto,BR,-20.6383,-51.1092,71.11,85,100,4.9,overcast clouds
632,Rio Grande,BR,-32.035,-52.0986,74.95,94,26,7.72,light rain
633,Uusikaupunki,FI,60.8004,21.4084,30.72,91,99,21.61,light snow
634,Temple,US,31.0982,-97.3428,49.15,45,0,8.05,clear sky
635,Robertsport,LR,6.7533,-11.3686,80.02,80,92,2.86,overcast clouds
636,Sibolga,ID,1.7427,98.7792,80.1,85,11,0.89,few clouds
637,Oranjemund,NA,-28.55,16.4333,66.31,92,0,8.19,clear sky
638,Auxerre,FR,47.8,3.5667,35.46,91,100,3.42,overcast clouds
639,Kathua,IN,32.3667,75.5167,51.66,73,100,1.95,overcast clouds
640,Rocky Mountain House,CA,52.3668,-114.9188,21.31,86,100,1.14,overcast clouds
641,Lincoln Village,US,39.9548,-83.1307,28.65,93,100,4.0,snow
642,Visby,SE,57.6409,18.296,35.82,80,100,28.77,overcast clouds
643,Chumikan,RU,54.7183,135.315,-1.25,73,100,2.17,overcast clouds
644,Lanzhou,CN,36.0564,103.7922,31.28,30,0,1.41,clear sky
645,Russell,US,32.3502,-85.1999,40.71,85,100,10.36,overcast clouds
646,Kosterevo,RU,55.9299,39.6144,19.54,92,97,11.95,overcast clouds
647,Maldonado,UY,-34.6667,-54.9167,73.22,91,66,7.61,broken clouds
648,Sayyan,YE,15.1718,44.3244,52.7,52,3,2.68,clear sky
649,Aras,ES,42.5617,-2.356,35.98,93,0,8.05,clear sky
650,Fez,MA,34.0372,-4.9998,44.85,65,0,4.61,clear sky
651,Jiuquan,CN,39.7432,98.5174,28.24,33,4,3.83,clear sky
652,Tautira,PF,-17.7333,-149.15,84.22,81,91,21.61,light rain
653,Hovd,MN,48.0056,91.6419,6.4,78,45,1.99,scattered clouds
654,Seltso,RU,53.3675,34.1,23.49,85,0,15.66,clear sky
655,Pringsewu,ID,-5.3582,104.9744,84.33,71,98,1.07,overcast clouds
656,Gambela,ET,8.25,34.5833,83.26,44,100,1.03,overcast clouds
657,Abrau-Dyurso,RU,44.69,37.59,31.48,68,98,7.02,overcast clouds
658,Ferme-Neuve,CA,46.7001,-75.4493,-4.22,89,56,2.48,broken clouds
659,Tevaitoa,PF,-16.7833,-151.5,79.88,79,100,11.41,moderate rain
660,Lake City,US,30.1897,-82.6393,51.55,70,0,17.27,clear sky
661,Derzhavinsk,KZ,51.1,66.3167,13.08,92,86,21.68,overcast clouds
662,Sikandarabad,IN,28.45,77.7,48.42,62,71,2.95,broken clouds
663,Hermiston,US,45.8404,-119.2895,35.82,88,100,0.0,overcast clouds
664,Honiara,SB,-9.4333,159.95,89.04,64,54,8.9,broken clouds
665,Atambua,ID,-9.1061,124.8925,81.12,74,100,5.26,overcast clouds
666,Kirundo,BI,-2.5833,30.1667,61.57,92,100,2.66,overcast clouds
667,Olga,RU,43.7444,135.2892,14.59,46,2,16.96,clear sky
668,Kilindoni,TZ,-7.9139,39.6668,80.78,80,100,11.34,overcast clouds
669,Lokosovo,RU,61.1333,74.8167,24.21,91,99,18.19,overcast clouds
670,Takoradi,GH,4.8845,-1.7554,78.49,82,36,5.12,scattered clouds
671,Progreso,MX,21.2833,-89.6667,65.1,57,87,9.51,overcast clouds
672,Buzmeyin,TM,38.0507,58.2056,35.33,93,100,4.61,overcast clouds
673,Malibu,US,34.005,-118.8101,68.68,64,100,2.86,overcast clouds
674,Barra Do Bugres,BR,-15.0725,-57.1811,77.83,72,79,4.07,broken clouds
675,Panguna,PG,-6.3164,155.4848,78.06,80,67,0.6,moderate rain
676,Nandrin,BE,50.5067,5.4191,39.07,93,100,8.05,mist
677,Ozernovskiy,RU,51.5,156.5167,26.51,56,100,6.51,overcast clouds
678,Lhokseumawe,ID,5.1801,97.1507,81.63,75,92,4.34,overcast clouds
679,Kirakira,SB,-10.4544,161.9205,87.46,69,74,10.0,broken clouds
680,Tuy Hoa,VN,13.0833,109.3,76.39,80,68,8.21,broken clouds
681,Kamloops,CA,50.6665,-120.3192,39.58,95,75,2.3,broken clouds
682,Bullhead City,US,35.1478,-114.5683,62.02,25,0,13.8,clear sky
683,San Blas,MX,21.5167,-105.2667,70.54,84,100,4.54,overcast clouds
684,Ribeira Do Pombal,BR,-10.8344,-38.5358,71.37,92,9,5.01,clear sky
685,Plettenberg Bay,ZA,-34.0527,23.3716,67.05,87,75,3.06,broken clouds
686,Eirunepe,BR,-6.6603,-69.8736,75.54,88,92,2.68,overcast clouds
687,Loudi,CN,27.7344,111.9944,45.01,94,100,0.34,overcast clouds
688,Sumbe,AO,-11.2061,13.8437,74.55,82,96,3.36,overcast clouds
689,Nenjiang,CN,49.1833,125.2167,-2.78,79,86,8.7,overcast clouds
690,Aleksandrov Gay,RU,50.147,48.5704,6.21,97,28,7.61,scattered clouds
691,Nioro,GM,13.35,-15.75,74.91,63,84,5.53,broken clouds
